"age_groups","number_customers","category"
"26-35",337,"Clothing"
"56-65",329,"Clothing"
"46-55",321,"Clothing"
"36-45",319,"Clothing"
"18-25",269,"Clothing"
"36-45",249,"Accessories"
"26-35",243,"Accessories"
"56-65",239,"Accessories"
"46-55",217,"Accessories"
"18-25",172,"Accessories"
"65+",162,"Clothing"
"46-55",150,"Footwear"
"65+",120,"Accessories"
"56-65",114,"Footwear"
"26-35",108,"Footwear"
"36-45",102,"Footwear"
"18-25",79,"Footwear"
"56-65",68,"Outerwear"
"46-55",65,"Outerwear"
"36-45",59,"Outerwear"
"26-35",54,"Outerwear"
"18-25",51,"Outerwear"
"65+",46,"Footwear"
"65+",27,"Outerwear"
