"item_purchased","purchase_amount_usd","product_range"
"Hoodie",97,"High_range_product"
"Shoes",47,"Middle_range_product"
"Coat",76,"High_range_product"
"T-shirt",35,"Middle_range_product"
"Socks",28,"Low_range_product"
"Hat",75,"High_range_product"
"Handbag",74,"High_range_product"
"Sneakers",31,"Low_range_product"
"Hat",82,"High_range_product"
"Backpack",54,"Middle_range_product"
"Sneakers",76,"High_range_product"
"Shorts",48,"Middle_range_product"
"Shirt",77,"High_range_product"
"Gloves",51,"Middle_range_product"
"Jeans",52,"Middle_range_product"
"Handbag",55,"Middle_range_product"
"Jewelry",38,"Middle_range_product"
"Blouse",62,"Middle_range_product"
"Hoodie",48,"Middle_range_product"
"Shoes",83,"High_range_product"
"Jewelry",91,"High_range_product"
"Shorts",26,"Low_range_product"
"Sunglasses",38,"Middle_range_product"
"Skirt",72,"High_range_product"
"Pants",71,"High_range_product"
"Jewelry",55,"Middle_range_product"
"Boots",75,"High_range_product"
"Skirt",99,"High_range_product"
"Shirt",44,"Middle_range_product"
"Belt",46,"Middle_range_product"
"Socks",51,"Middle_range_product"
"Sandals",55,"Middle_range_product"
"Pants",36,"Middle_range_product"
"Gloves",21,"Low_range_product"
"Socks",26,"Low_range_product"
"Shoes",87,"High_range_product"
"Pants",42,"Middle_range_product"
"Jewelry",47,"Middle_range_product"
"T-shirt",53,"Middle_range_product"
"Blouse",38,"Middle_range_product"
"T-shirt",37,"Middle_range_product"
"Hoodie",54,"Middle_range_product"
"Coat",93,"High_range_product"
"Shirt",36,"Middle_range_product"
"Jacket",22,"Low_range_product"
"Shorts",28,"Low_range_product"
"Belt",96,"High_range_product"
"Socks",71,"High_range_product"
"Backpack",89,"High_range_product"
"Sneakers",57,"Middle_range_product"
"Jacket",29,"Low_range_product"
"Handbag",28,"Low_range_product"
"Blouse",34,"Middle_range_product"
"Hoodie",79,"High_range_product"
"Scarf",22,"Low_range_product"
"Jacket",27,"Low_range_product"
"Gloves",99,"High_range_product"
"Hat",60,"Middle_range_product"
"Jeans",83,"High_range_product"
"Sandals",51,"Middle_range_product"
"Hat",89,"High_range_product"
"Belt",65,"Middle_range_product"
"Handbag",64,"Middle_range_product"
"Jeans",80,"High_range_product"
"Sneakers",89,"High_range_product"
"Handbag",79,"High_range_product"
"Shoes",94,"High_range_product"
"Coat",28,"Low_range_product"
"Scarf",86,"High_range_product"
"Boots",58,"Middle_range_product"
"Sandals",92,"High_range_product"
"Sweater",24,"Low_range_product"
"Blouse",22,"Low_range_product"
"Coat",23,"Low_range_product"
"Sandals",78,"High_range_product"
"Sunglasses",69,"High_range_product"
"Blouse",98,"High_range_product"
"Handbag",93,"High_range_product"
"Boots",100,"High_range_product"
"Sneakers",23,"Low_range_product"
"Hoodie",91,"High_range_product"
"T-shirt",20,"Low_range_product"
"Hoodie",58,"Middle_range_product"
"Skirt",89,"High_range_product"
"Hoodie",46,"Middle_range_product"
"Belt",61,"Middle_range_product"
"Scarf",82,"High_range_product"
"Backpack",34,"Middle_range_product"
"T-shirt",78,"High_range_product"
"Scarf",71,"High_range_product"
"Handbag",35,"Middle_range_product"
"Scarf",45,"Middle_range_product"
"Jewelry",48,"Middle_range_product"
"Shorts",34,"Middle_range_product"
"Sandals",38,"Middle_range_product"
"Sweater",40,"Middle_range_product"
"Sweater",27,"Low_range_product"
"Belt",35,"Middle_range_product"
"Coat",84,"High_range_product"
"Jacket",83,"High_range_product"
"Pants",69,"High_range_product"
"Hoodie",44,"Middle_range_product"
"Shirt",76,"High_range_product"
"Shoes",26,"Low_range_product"
"Handbag",46,"Middle_range_product"
"Dress",63,"Middle_range_product"
"Sweater",73,"High_range_product"
"Hoodie",99,"High_range_product"
"Jewelry",100,"High_range_product"
"Belt",64,"Middle_range_product"
"Shoes",51,"Middle_range_product"
"Shoes",21,"Low_range_product"
"Sweater",54,"Middle_range_product"
"Socks",24,"Low_range_product"
"Jeans",30,"Low_range_product"
"Hoodie",93,"High_range_product"
"Sunglasses",44,"Middle_range_product"
"Shirt",62,"Middle_range_product"
"Sneakers",67,"High_range_product"
"Hoodie",22,"Low_range_product"
"Jeans",64,"Middle_range_product"
"Socks",21,"Low_range_product"
"Scarf",74,"High_range_product"
"Gloves",53,"Middle_range_product"
"Sweater",39,"Middle_range_product"
"Skirt",27,"Low_range_product"
"Gloves",76,"High_range_product"
"Skirt",30,"Low_range_product"
"Gloves",64,"Middle_range_product"
"Sweater",80,"High_range_product"
"Handbag",24,"Low_range_product"
"Sneakers",88,"High_range_product"
"Sweater",34,"Middle_range_product"
"Shirt",69,"High_range_product"
"Belt",82,"High_range_product"
"Hat",28,"Low_range_product"
"Scarf",65,"Middle_range_product"
"Shoes",55,"Middle_range_product"
"Blouse",31,"Low_range_product"
"Shirt",99,"High_range_product"
"Blouse",53,"Middle_range_product"
"Pants",63,"Middle_range_product"
"Socks",91,"High_range_product"
"Hoodie",94,"High_range_product"
"Blouse",95,"High_range_product"
"Belt",55,"Middle_range_product"
"Sandals",66,"Middle_range_product"
"Skirt",71,"High_range_product"
"Hoodie",85,"High_range_product"
"Backpack",61,"Middle_range_product"
"Socks",27,"Low_range_product"
"Socks",20,"Low_range_product"
"Boots",89,"High_range_product"
"Backpack",90,"High_range_product"
"Handbag",51,"Middle_range_product"
"Skirt",95,"High_range_product"
"Gloves",95,"High_range_product"
"Scarf",47,"Middle_range_product"
"Scarf",94,"High_range_product"
"Skirt",51,"Middle_range_product"
"Shoes",82,"High_range_product"
"Belt",34,"Middle_range_product"
"Jacket",50,"Middle_range_product"
"Blouse",69,"High_range_product"
"Scarf",63,"Middle_range_product"
"Socks",85,"High_range_product"
"Handbag",94,"High_range_product"
"Sneakers",51,"Middle_range_product"
"Boots",40,"Middle_range_product"
"Jacket",40,"Middle_range_product"
"Jewelry",32,"Low_range_product"
"Pants",66,"Middle_range_product"
"Sweater",65,"Middle_range_product"
"Shirt",37,"Middle_range_product"
"Handbag",71,"High_range_product"
"Socks",38,"Middle_range_product"
"Sunglasses",54,"Middle_range_product"
"Shorts",86,"High_range_product"
"Jacket",71,"High_range_product"
"Sneakers",20,"Low_range_product"
"Boots",23,"Low_range_product"
"Sweater",100,"High_range_product"
"Sweater",96,"High_range_product"
"Skirt",82,"High_range_product"
"Jewelry",22,"Low_range_product"
"Coat",85,"High_range_product"
"Sweater",38,"Middle_range_product"
"Hat",94,"High_range_product"
"Pants",29,"Low_range_product"
"Shorts",20,"Low_range_product"
"Dress",67,"High_range_product"
"Pants",51,"Middle_range_product"
"Sweater",37,"Middle_range_product"
"Belt",62,"Middle_range_product"
"Sneakers",33,"Low_range_product"
"Blouse",77,"High_range_product"
"Blouse",89,"High_range_product"
"Jewelry",71,"High_range_product"
"Sunglasses",84,"High_range_product"
"Scarf",54,"Middle_range_product"
"Scarf",90,"High_range_product"
"Jacket",81,"High_range_product"
"Coat",38,"Middle_range_product"
"T-shirt",77,"High_range_product"
"Socks",48,"Middle_range_product"
"Hoodie",74,"High_range_product"
"Belt",83,"High_range_product"
"Skirt",35,"Middle_range_product"
"Jeans",66,"Middle_range_product"
"Boots",93,"High_range_product"
"Sunglasses",42,"Middle_range_product"
"Shirt",48,"Middle_range_product"
"Jeans",78,"High_range_product"
"Blouse",72,"High_range_product"
"Jeans",97,"High_range_product"
"Shirt",67,"High_range_product"
"Sandals",54,"Middle_range_product"
"Shoes",96,"High_range_product"
"Gloves",90,"High_range_product"
"Sneakers",53,"Middle_range_product"
"Sunglasses",37,"Middle_range_product"
"Jacket",90,"High_range_product"
"Sweater",35,"Middle_range_product"
"Shirt",55,"Middle_range_product"
"Jeans",75,"High_range_product"
"Jacket",86,"High_range_product"
"Socks",23,"Low_range_product"
"Sweater",84,"High_range_product"
"Hat",30,"Low_range_product"
"Belt",30,"Low_range_product"
"Jacket",45,"Middle_range_product"
"Jacket",43,"Middle_range_product"
"Shoes",71,"High_range_product"
"Handbag",30,"Low_range_product"
"Sunglasses",73,"High_range_product"
"Jewelry",53,"Middle_range_product"
"Dress",92,"High_range_product"
"Hat",33,"Low_range_product"
"T-shirt",28,"Low_range_product"
"Handbag",41,"Middle_range_product"
"Shirt",81,"High_range_product"
"Hat",23,"Low_range_product"
"Blouse",74,"High_range_product"
"Jacket",99,"High_range_product"
"Sandals",50,"Middle_range_product"
"Gloves",29,"Low_range_product"
"Pants",52,"Middle_range_product"
"Sneakers",66,"Middle_range_product"
"Gloves",26,"Low_range_product"
"Socks",52,"Middle_range_product"
"Backpack",95,"High_range_product"
"Coat",25,"Low_range_product"
"Jacket",47,"Middle_range_product"
"Backpack",51,"Middle_range_product"
"Sneakers",92,"High_range_product"
"Scarf",33,"Low_range_product"
"Blouse",88,"High_range_product"
"T-shirt",24,"Low_range_product"
"Scarf",51,"Middle_range_product"
"Skirt",96,"High_range_product"
"Handbag",60,"Middle_range_product"
"Sunglasses",100,"High_range_product"
"Hoodie",88,"High_range_product"
"Socks",93,"High_range_product"
"Sunglasses",53,"Middle_range_product"
"Socks",37,"Middle_range_product"
"Hoodie",27,"Low_range_product"
"Jewelry",39,"Middle_range_product"
"Sandals",41,"Middle_range_product"
"Shorts",44,"Middle_range_product"
"Handbag",98,"High_range_product"
"Skirt",97,"High_range_product"
"Scarf",40,"Middle_range_product"
"Sweater",78,"High_range_product"
"Shoes",31,"Low_range_product"
"Jacket",75,"High_range_product"
"Sneakers",41,"Middle_range_product"
"Sunglasses",81,"High_range_product"
"Pants",70,"High_range_product"
"Gloves",55,"Middle_range_product"
"Belt",89,"High_range_product"
"Jeans",54,"Middle_range_product"
"Jeans",89,"High_range_product"
"Blouse",78,"High_range_product"
"T-shirt",83,"High_range_product"
"Scarf",29,"Low_range_product"
"Hat",64,"Middle_range_product"
"Blouse",51,"Middle_range_product"
"Pants",57,"Middle_range_product"
"T-shirt",90,"High_range_product"
"Skirt",67,"High_range_product"
"Scarf",78,"High_range_product"
"Shorts",76,"High_range_product"
"Sunglasses",25,"Low_range_product"
"Skirt",61,"Middle_range_product"
"Jewelry",89,"High_range_product"
"Scarf",89,"High_range_product"
"Jeans",33,"Low_range_product"
"Skirt",38,"Middle_range_product"
"Shorts",52,"Middle_range_product"
"Handbag",49,"Middle_range_product"
"Shirt",50,"Middle_range_product"
"Sneakers",74,"High_range_product"
"T-shirt",99,"High_range_product"
"Shorts",45,"Middle_range_product"
"Shorts",23,"Low_range_product"
"Pants",85,"High_range_product"
"Backpack",35,"Middle_range_product"
"Shoes",34,"Middle_range_product"
"Socks",58,"Middle_range_product"
"Shorts",30,"Low_range_product"
"Hoodie",60,"Middle_range_product"
"Jewelry",73,"High_range_product"
"Belt",68,"High_range_product"
"Boots",35,"Middle_range_product"
"Jacket",67,"High_range_product"
"Jewelry",63,"Middle_range_product"
"Jeans",63,"Middle_range_product"
"Socks",77,"High_range_product"
"Sandals",100,"High_range_product"
"Sunglasses",70,"High_range_product"
"Socks",22,"Low_range_product"
"Shorts",73,"High_range_product"
"Sandals",22,"Low_range_product"
"Sunglasses",72,"High_range_product"
"Sweater",32,"Low_range_product"
"Handbag",26,"Low_range_product"
"Coat",33,"Low_range_product"
"Hat",38,"Middle_range_product"
"Backpack",72,"High_range_product"
"Jeans",94,"High_range_product"
"Pants",54,"Middle_range_product"
"Blouse",90,"High_range_product"
"Sunglasses",48,"Middle_range_product"
"Jeans",68,"High_range_product"
"Sneakers",93,"High_range_product"
"Blouse",26,"Low_range_product"
"Belt",60,"Middle_range_product"
"Sneakers",85,"High_range_product"
"Jeans",77,"High_range_product"
"Boots",49,"Middle_range_product"
"Sneakers",39,"Middle_range_product"
"Dress",25,"Low_range_product"
"Hoodie",24,"Low_range_product"
"Jewelry",24,"Low_range_product"
"Dress",59,"Middle_range_product"
"Backpack",56,"Middle_range_product"
"Coat",91,"High_range_product"
"T-shirt",98,"High_range_product"
"Sunglasses",71,"High_range_product"
"Sweater",64,"Middle_range_product"
"Hat",95,"High_range_product"
"Gloves",73,"High_range_product"
"Shirt",24,"Low_range_product"
"Sneakers",40,"Middle_range_product"
"Sweater",79,"High_range_product"
"Gloves",93,"High_range_product"
"Sneakers",24,"Low_range_product"
"Scarf",91,"High_range_product"
"Socks",53,"Middle_range_product"
"Socks",96,"High_range_product"
"Jewelry",34,"Middle_range_product"
"Belt",47,"Middle_range_product"
"Dress",89,"High_range_product"
"Coat",92,"High_range_product"
"Jeans",98,"High_range_product"
"Blouse",42,"Middle_range_product"
"Pants",81,"High_range_product"
"Hoodie",90,"High_range_product"
"Hat",62,"Middle_range_product"
"Shirt",86,"High_range_product"
"Handbag",43,"Middle_range_product"
"Handbag",69,"High_range_product"
"Belt",66,"Middle_range_product"
"Handbag",68,"High_range_product"
"Skirt",37,"Middle_range_product"
"Pants",93,"High_range_product"
"Gloves",75,"High_range_product"
"Sunglasses",36,"Middle_range_product"
"Belt",40,"Middle_range_product"
"Shirt",98,"High_range_product"
"Jewelry",87,"High_range_product"
"Sandals",58,"Middle_range_product"
"Sunglasses",66,"Middle_range_product"
"Gloves",68,"High_range_product"
"Coat",79,"High_range_product"
"Shoes",43,"Middle_range_product"
"Boots",57,"Middle_range_product"
"Scarf",53,"Middle_range_product"
"Dress",78,"High_range_product"
"Hat",47,"Middle_range_product"
"Sunglasses",64,"Middle_range_product"
"Hoodie",84,"High_range_product"
"Blouse",48,"Middle_range_product"
"Coat",30,"Low_range_product"
"Sandals",23,"Low_range_product"
"Hoodie",78,"High_range_product"
"Shorts",94,"High_range_product"
"Boots",60,"Middle_range_product"
"Jeans",39,"Middle_range_product"
"Gloves",87,"High_range_product"
"Boots",47,"Middle_range_product"
"Jeans",28,"Low_range_product"
"Sneakers",22,"Low_range_product"
"Blouse",92,"High_range_product"
"T-shirt",80,"High_range_product"
"Sweater",70,"High_range_product"
"Blouse",64,"Middle_range_product"
"Shoes",23,"Low_range_product"
"Skirt",74,"High_range_product"
"Jewelry",33,"Low_range_product"
"Belt",90,"High_range_product"
"Sandals",94,"High_range_product"
"Coat",27,"Low_range_product"
"Sunglasses",98,"High_range_product"
"Sunglasses",57,"Middle_range_product"
"Boots",56,"Middle_range_product"
"Pants",73,"High_range_product"
"Jeans",22,"Low_range_product"
"Skirt",54,"Middle_range_product"
"Shoes",50,"Middle_range_product"
"Pants",90,"High_range_product"
"Boots",24,"Low_range_product"
"Sneakers",90,"High_range_product"
"Dress",80,"High_range_product"
"Dress",65,"Middle_range_product"
"Backpack",36,"Middle_range_product"
"Sunglasses",39,"Middle_range_product"
"T-shirt",86,"High_range_product"
"Dress",84,"High_range_product"
"Skirt",86,"High_range_product"
"Coat",88,"High_range_product"
"Coat",39,"Middle_range_product"
"Backpack",97,"High_range_product"
"Hat",79,"High_range_product"
"Jewelry",92,"High_range_product"
"Shirt",20,"Low_range_product"
"Jewelry",76,"High_range_product"
"Boots",59,"Middle_range_product"
"T-shirt",79,"High_range_product"
"Jeans",48,"Middle_range_product"
"Coat",44,"Middle_range_product"
"Shorts",38,"Middle_range_product"
"Jewelry",85,"High_range_product"
"Coat",90,"High_range_product"
"Sandals",77,"High_range_product"
"Jacket",100,"High_range_product"
"Hat",46,"Middle_range_product"
"Shirt",56,"Middle_range_product"
"Skirt",68,"High_range_product"
"Sandals",67,"High_range_product"
"Hat",69,"High_range_product"
"Boots",64,"Middle_range_product"
"Hat",41,"Middle_range_product"
"Skirt",64,"Middle_range_product"
"Gloves",31,"Low_range_product"
"Shoes",85,"High_range_product"
"Belt",80,"High_range_product"
"Shirt",63,"Middle_range_product"
"Shoes",22,"Low_range_product"
"Sweater",51,"Middle_range_product"
"Shoes",74,"High_range_product"
"Belt",49,"Middle_range_product"
"Sneakers",56,"Middle_range_product"
"T-shirt",58,"Middle_range_product"
"Sandals",80,"High_range_product"
"Skirt",39,"Middle_range_product"
"Hoodie",82,"High_range_product"
"Shirt",58,"Middle_range_product"
"Shoes",73,"High_range_product"
"Sweater",82,"High_range_product"
"Sweater",95,"High_range_product"
"Shoes",61,"Middle_range_product"
"Shoes",44,"Middle_range_product"
"Gloves",96,"High_range_product"
"Socks",72,"High_range_product"
"Boots",98,"High_range_product"
"Shirt",85,"High_range_product"
"Skirt",79,"High_range_product"
"Jacket",70,"High_range_product"
"Pants",24,"Low_range_product"
"Shoes",53,"Middle_range_product"
"Jacket",28,"Low_range_product"
"Dress",96,"High_range_product"
"Coat",46,"Middle_range_product"
"Sneakers",44,"Middle_range_product"
"Skirt",20,"Low_range_product"
"Sneakers",80,"High_range_product"
"Belt",42,"Middle_range_product"
"Sneakers",37,"Middle_range_product"
"Jewelry",46,"Middle_range_product"
"T-shirt",81,"High_range_product"
"Pants",50,"Middle_range_product"
"Shirt",27,"Low_range_product"
"Blouse",47,"Middle_range_product"
"Blouse",49,"Middle_range_product"
"Scarf",26,"Low_range_product"
"Sandals",21,"Low_range_product"
"Gloves",39,"Middle_range_product"
"Scarf",72,"High_range_product"
"Sneakers",21,"Low_range_product"
"Hoodie",100,"High_range_product"
"Shirt",21,"Low_range_product"
"Dress",91,"High_range_product"
"Backpack",76,"High_range_product"
"Backpack",43,"Middle_range_product"
"Pants",89,"High_range_product"
"Socks",57,"Middle_range_product"
"Sweater",44,"Middle_range_product"
"Shorts",71,"High_range_product"
"Dress",55,"Middle_range_product"
"Dress",37,"Middle_range_product"
"Sandals",83,"High_range_product"
"Gloves",79,"High_range_product"
"Sunglasses",21,"Low_range_product"
"Sweater",56,"Middle_range_product"
"Boots",31,"Low_range_product"
"Handbag",48,"Middle_range_product"
"Coat",21,"Low_range_product"
"Hoodie",30,"Low_range_product"
"Shirt",65,"Middle_range_product"
"Belt",57,"Middle_range_product"
"Belt",45,"Middle_range_product"
"Hoodie",96,"High_range_product"
"Belt",21,"Low_range_product"
"Jewelry",30,"Low_range_product"
"Handbag",38,"Middle_range_product"
"Handbag",80,"High_range_product"
"Skirt",87,"High_range_product"
"Scarf",62,"Middle_range_product"
"Jeans",60,"Middle_range_product"
"T-shirt",71,"High_range_product"
"Boots",32,"Low_range_product"
"Scarf",31,"Low_range_product"
"Sunglasses",80,"High_range_product"
"Scarf",81,"High_range_product"
"Hat",73,"High_range_product"
"Socks",73,"High_range_product"
"T-shirt",47,"Middle_range_product"
"Blouse",80,"High_range_product"
"Shoes",80,"High_range_product"
"Coat",83,"High_range_product"
"Blouse",84,"High_range_product"
"Sandals",95,"High_range_product"
"T-shirt",89,"High_range_product"
"Jacket",97,"High_range_product"
"Belt",44,"Middle_range_product"
"Hoodie",32,"Low_range_product"
"Jeans",91,"High_range_product"
"Hoodie",45,"Middle_range_product"
"Hat",44,"Middle_range_product"
"Scarf",25,"Low_range_product"
"Sunglasses",31,"Low_range_product"
"Gloves",56,"Middle_range_product"
"T-shirt",34,"Middle_range_product"
"Jacket",79,"High_range_product"
"Hoodie",37,"Middle_range_product"
"Jacket",98,"High_range_product"
"Belt",52,"Middle_range_product"
"Dress",34,"Middle_range_product"
"Shorts",61,"Middle_range_product"
"Dress",94,"High_range_product"
"Sunglasses",41,"Middle_range_product"
"Backpack",81,"High_range_product"
"Jeans",74,"High_range_product"
"Scarf",66,"Middle_range_product"
"Shoes",38,"Middle_range_product"
"Sweater",90,"High_range_product"
"Jacket",96,"High_range_product"
"Jacket",64,"Middle_range_product"
"Coat",80,"High_range_product"
"Dress",99,"High_range_product"
"T-shirt",76,"High_range_product"
"Jewelry",56,"Middle_range_product"
"Sandals",98,"High_range_product"
"Dress",87,"High_range_product"
"Sneakers",36,"Middle_range_product"
"Socks",89,"High_range_product"
"Dress",88,"High_range_product"
"Blouse",24,"Low_range_product"
"Sunglasses",62,"Middle_range_product"
"Boots",36,"Middle_range_product"
"Socks",39,"Middle_range_product"
"Boots",29,"Low_range_product"
"Belt",50,"Middle_range_product"
"Hat",39,"Middle_range_product"
"Coat",99,"High_range_product"
"Boots",92,"High_range_product"
"Jewelry",23,"Low_range_product"
"Shirt",22,"Low_range_product"
"Boots",45,"Middle_range_product"
"Jewelry",84,"High_range_product"
"Shoes",58,"Middle_range_product"
"Dress",38,"Middle_range_product"
"Jeans",81,"High_range_product"
"Shoes",63,"Middle_range_product"
"Scarf",27,"Low_range_product"
"Pants",76,"High_range_product"
"Shirt",72,"High_range_product"
"Dress",30,"Low_range_product"
"Blouse",68,"High_range_product"
"Sneakers",61,"Middle_range_product"
"Shorts",87,"High_range_product"
"Blouse",33,"Low_range_product"
"Shorts",84,"High_range_product"
"Jewelry",26,"Low_range_product"
"Backpack",23,"Low_range_product"
"Sunglasses",68,"High_range_product"
"T-shirt",55,"Middle_range_product"
"Gloves",46,"Middle_range_product"
"Jewelry",97,"High_range_product"
"Sneakers",72,"High_range_product"
"Skirt",47,"Middle_range_product"
"Jeans",82,"High_range_product"
"Jacket",80,"High_range_product"
"Shoes",35,"Middle_range_product"
"Jeans",61,"Middle_range_product"
"Blouse",44,"Middle_range_product"
"Skirt",76,"High_range_product"
"Jewelry",51,"Middle_range_product"
"Belt",91,"High_range_product"
"Sweater",36,"Middle_range_product"
"Pants",26,"Low_range_product"
"Sandals",24,"Low_range_product"
"Belt",92,"High_range_product"
"Boots",79,"High_range_product"
"Jeans",51,"Middle_range_product"
"Gloves",34,"Middle_range_product"
"Scarf",68,"High_range_product"
"Blouse",66,"Middle_range_product"
"Skirt",73,"High_range_product"
"Sweater",57,"Middle_range_product"
"Jacket",92,"High_range_product"
"Socks",62,"Middle_range_product"
"T-shirt",60,"Middle_range_product"
"T-shirt",75,"High_range_product"
"Backpack",53,"Middle_range_product"
"Shoes",99,"High_range_product"
"Shirt",39,"Middle_range_product"
"Handbag",31,"Low_range_product"
"Scarf",37,"Middle_range_product"
"Socks",64,"Middle_range_product"
"Sandals",45,"Middle_range_product"
"Jacket",52,"Middle_range_product"
"T-shirt",95,"High_range_product"
"Pants",59,"Middle_range_product"
"Shorts",22,"Low_range_product"
"Socks",42,"Middle_range_product"
"Sweater",76,"High_range_product"
"Jeans",92,"High_range_product"
"Shirt",31,"Low_range_product"
"Coat",64,"Middle_range_product"
"Pants",56,"Middle_range_product"
"Blouse",43,"Middle_range_product"
"Shirt",23,"Low_range_product"
"Belt",48,"Middle_range_product"
"Jewelry",88,"High_range_product"
"Backpack",93,"High_range_product"
"Skirt",92,"High_range_product"
"Backpack",55,"Middle_range_product"
"Skirt",52,"Middle_range_product"
"T-shirt",32,"Low_range_product"
"Socks",82,"High_range_product"
"Shirt",73,"High_range_product"
"Sneakers",64,"Middle_range_product"
"Belt",20,"Low_range_product"
"Dress",70,"High_range_product"
"Jeans",50,"Middle_range_product"
"Sweater",59,"Middle_range_product"
"Backpack",88,"High_range_product"
"Boots",77,"High_range_product"
"Handbag",91,"High_range_product"
"Boots",41,"Middle_range_product"
"Coat",31,"Low_range_product"
"Skirt",40,"Middle_range_product"
"Shoes",36,"Middle_range_product"
"Dress",51,"Middle_range_product"
"Hat",98,"High_range_product"
"Scarf",64,"Middle_range_product"
"Scarf",23,"Low_range_product"
"Skirt",90,"High_range_product"
"Jewelry",67,"High_range_product"
"Boots",80,"High_range_product"
"Scarf",36,"Middle_range_product"
"Shirt",26,"Low_range_product"
"Jacket",26,"Low_range_product"
"Shorts",46,"Middle_range_product"
"Backpack",60,"Middle_range_product"
"Boots",48,"Middle_range_product"
"Shorts",56,"Middle_range_product"
"Sandals",25,"Low_range_product"
"Jewelry",74,"High_range_product"
"Sunglasses",50,"Middle_range_product"
"Hoodie",39,"Middle_range_product"
"Sandals",34,"Middle_range_product"
"Backpack",83,"High_range_product"
"Jewelry",61,"Middle_range_product"
"Belt",29,"Low_range_product"
"Shorts",100,"High_range_product"
"Blouse",100,"High_range_product"
"Dress",44,"Middle_range_product"
"Shirt",97,"High_range_product"
"Pants",67,"High_range_product"
"Hoodie",59,"Middle_range_product"
"Sandals",86,"High_range_product"
"Coat",47,"Middle_range_product"
"Jacket",77,"High_range_product"
"Belt",33,"Low_range_product"
"Boots",66,"Middle_range_product"
"Sandals",65,"Middle_range_product"
"Hat",97,"High_range_product"
"Boots",85,"High_range_product"
"Dress",53,"Middle_range_product"
"Jacket",62,"Middle_range_product"
"Sweater",25,"Low_range_product"
"T-shirt",84,"High_range_product"
"Shorts",65,"Middle_range_product"
"Skirt",81,"High_range_product"
"Scarf",44,"Middle_range_product"
"Jeans",71,"High_range_product"
"Shorts",21,"Low_range_product"
"Dress",32,"Low_range_product"
"Sunglasses",88,"High_range_product"
"Socks",86,"High_range_product"
"Dress",50,"Middle_range_product"
"Sandals",47,"Middle_range_product"
"Skirt",88,"High_range_product"
"Shoes",92,"High_range_product"
"Jacket",38,"Middle_range_product"
"Hat",91,"High_range_product"
"Sweater",92,"High_range_product"
"Jewelry",95,"High_range_product"
"Shorts",37,"Middle_range_product"
"Jewelry",62,"Middle_range_product"
"Sandals",70,"High_range_product"
"Belt",81,"High_range_product"
"Shirt",84,"High_range_product"
"Scarf",80,"High_range_product"
"Shirt",79,"High_range_product"
"Jewelry",42,"Middle_range_product"
"Sunglasses",93,"High_range_product"
"Boots",73,"High_range_product"
"Sweater",23,"Low_range_product"
"Gloves",28,"Low_range_product"
"Jewelry",50,"Middle_range_product"
"Hat",88,"High_range_product"
"Blouse",23,"Low_range_product"
"Sweater",66,"Middle_range_product"
"Hoodie",20,"Low_range_product"
"Gloves",48,"Middle_range_product"
"Jacket",87,"High_range_product"
"Sandals",85,"High_range_product"
"Backpack",57,"Middle_range_product"
"T-shirt",38,"Middle_range_product"
"Hat",22,"Low_range_product"
"Scarf",92,"High_range_product"
"Shoes",29,"Low_range_product"
"Shoes",67,"High_range_product"
"Jacket",58,"Middle_range_product"
"Jewelry",94,"High_range_product"
"Coat",22,"Low_range_product"
"Pants",75,"High_range_product"
"T-shirt",56,"Middle_range_product"
"Handbag",83,"High_range_product"
"T-shirt",63,"Middle_range_product"
"Blouse",87,"High_range_product"
"Handbag",36,"Middle_range_product"
"Gloves",71,"High_range_product"
"Sneakers",100,"High_range_product"
"Coat",100,"High_range_product"
"Sneakers",73,"High_range_product"
"Coat",70,"High_range_product"
"Handbag",65,"Middle_range_product"
"Boots",39,"Middle_range_product"
"Sweater",68,"High_range_product"
"Blouse",29,"Low_range_product"
"Coat",29,"Low_range_product"
"Gloves",24,"Low_range_product"
"Jewelry",27,"Low_range_product"
"Sweater",91,"High_range_product"
"Socks",78,"High_range_product"
"T-shirt",82,"High_range_product"
"Dress",56,"Middle_range_product"
"Hoodie",89,"High_range_product"
"Coat",51,"Middle_range_product"
"Socks",41,"Middle_range_product"
"Hat",37,"Middle_range_product"
"Skirt",57,"Middle_range_product"
"Boots",42,"Middle_range_product"
"Shoes",59,"Middle_range_product"
"Dress",75,"High_range_product"
"Pants",88,"High_range_product"
"Jacket",33,"Low_range_product"
"Sneakers",25,"Low_range_product"
"T-shirt",74,"High_range_product"
"Skirt",46,"Middle_range_product"
"Skirt",65,"Middle_range_product"
"Boots",76,"High_range_product"
"Blouse",70,"High_range_product"
"Blouse",97,"High_range_product"
"Coat",69,"High_range_product"
"Hat",25,"Low_range_product"
"Sunglasses",34,"Middle_range_product"
"Dress",29,"Low_range_product"
"Shorts",62,"Middle_range_product"
"Backpack",26,"Low_range_product"
"Hat",68,"High_range_product"
"Sweater",60,"Middle_range_product"
"Sneakers",49,"Middle_range_product"
"Hat",71,"High_range_product"
"Sandals",74,"High_range_product"
"Shirt",43,"Middle_range_product"
"T-shirt",27,"Low_range_product"
"Shorts",96,"High_range_product"
"Gloves",22,"Low_range_product"
"Handbag",73,"High_range_product"
"Socks",90,"High_range_product"
"Shoes",89,"High_range_product"
"Belt",31,"Low_range_product"
"Jewelry",79,"High_range_product"
"Hat",34,"Middle_range_product"
"Jacket",48,"Middle_range_product"
"Skirt",25,"Low_range_product"
"Sweater",71,"High_range_product"
"Belt",41,"Middle_range_product"
"Backpack",66,"Middle_range_product"
"Sandals",46,"Middle_range_product"
"Dress",77,"High_range_product"
"Belt",59,"Middle_range_product"
"Backpack",25,"Low_range_product"
"Sneakers",77,"High_range_product"
"Jeans",70,"High_range_product"
"Belt",26,"Low_range_product"
"Sandals",81,"High_range_product"
"Shorts",51,"Middle_range_product"
"Backpack",73,"High_range_product"
"Hoodie",26,"Low_range_product"
"Coat",35,"Middle_range_product"
"Shirt",34,"Middle_range_product"
"Backpack",74,"High_range_product"
"Socks",76,"High_range_product"
"Jeans",56,"Middle_range_product"
"Coat",63,"Middle_range_product"
"Pants",74,"High_range_product"
"Socks",80,"High_range_product"
"Shorts",81,"High_range_product"
"Shirt",93,"High_range_product"
"Jacket",65,"Middle_range_product"
"Handbag",100,"High_range_product"
"Gloves",86,"High_range_product"
"Jewelry",98,"High_range_product"
"Dress",46,"Middle_range_product"
"Shorts",66,"Middle_range_product"
"Shirt",68,"High_range_product"
"Gloves",36,"Middle_range_product"
"Backpack",62,"Middle_range_product"
"T-shirt",100,"High_range_product"
"Shirt",91,"High_range_product"
"Shorts",24,"Low_range_product"
"Jeans",36,"Middle_range_product"
"Gloves",30,"Low_range_product"
"Blouse",56,"Middle_range_product"
"Backpack",86,"High_range_product"
"Coat",71,"High_range_product"
"T-shirt",69,"High_range_product"
"Blouse",99,"High_range_product"
"Skirt",75,"High_range_product"
"Jacket",42,"Middle_range_product"
"Blouse",58,"Middle_range_product"
"Hat",74,"High_range_product"
"Shorts",53,"Middle_range_product"
"Handbag",29,"Low_range_product"
"Backpack",49,"Middle_range_product"
"Jewelry",64,"Middle_range_product"
"Jeans",72,"High_range_product"
"Pants",25,"Low_range_product"
"Sweater",26,"Low_range_product"
"Hat",54,"Middle_range_product"
"Handbag",87,"High_range_product"
"T-shirt",31,"Low_range_product"
"Sneakers",59,"Middle_range_product"
"Handbag",63,"Middle_range_product"
"Sneakers",78,"High_range_product"
"Gloves",63,"Middle_range_product"
"T-shirt",94,"High_range_product"
"Dress",58,"Middle_range_product"
"Backpack",50,"Middle_range_product"
"Sweater",89,"High_range_product"
"Sweater",43,"Middle_range_product"
"Sweater",30,"Low_range_product"
"Dress",83,"High_range_product"
"Scarf",69,"High_range_product"
"Sweater",28,"Low_range_product"
"Jewelry",37,"Middle_range_product"
"T-shirt",92,"High_range_product"
"Shirt",32,"Low_range_product"
"Shirt",30,"Low_range_product"
"Handbag",75,"High_range_product"
"Sunglasses",76,"High_range_product"
"Jeans",45,"Middle_range_product"
"Hoodie",25,"Low_range_product"
"Blouse",41,"Middle_range_product"
"Hat",52,"Middle_range_product"
"Sandals",64,"Middle_range_product"
"Hoodie",95,"High_range_product"
"Jacket",89,"High_range_product"
"Shorts",90,"High_range_product"
"Scarf",67,"High_range_product"
"Jacket",74,"High_range_product"
"Scarf",21,"Low_range_product"
"Jeans",88,"High_range_product"
"Blouse",60,"Middle_range_product"
"Blouse",55,"Middle_range_product"
"Shorts",95,"High_range_product"
"T-shirt",88,"High_range_product"
"T-shirt",59,"Middle_range_product"
"Handbag",88,"High_range_product"
"Pants",46,"Middle_range_product"
"Jewelry",78,"High_range_product"
"Socks",36,"Middle_range_product"
"Sweater",42,"Middle_range_product"
"Belt",24,"Low_range_product"
"Gloves",91,"High_range_product"
"Dress",100,"High_range_product"
"Sweater",58,"Middle_range_product"
"Shoes",32,"Low_range_product"
"Backpack",33,"Low_range_product"
"Jeans",49,"Middle_range_product"
"Shoes",98,"High_range_product"
"Coat",42,"Middle_range_product"
"Gloves",77,"High_range_product"
"Gloves",72,"High_range_product"
"Socks",99,"High_range_product"
"Hoodie",70,"High_range_product"
"Sunglasses",33,"Low_range_product"
"Jacket",44,"Middle_range_product"
"Socks",55,"Middle_range_product"
"Jewelry",70,"High_range_product"
"Sunglasses",23,"Low_range_product"
"Pants",83,"High_range_product"
"Handbag",59,"Middle_range_product"
"Hoodie",83,"High_range_product"
"Sneakers",69,"High_range_product"
"Shorts",82,"High_range_product"
"Sandals",39,"Middle_range_product"
"Boots",88,"High_range_product"
"Scarf",88,"High_range_product"
"Handbag",39,"Middle_range_product"
"Handbag",47,"Middle_range_product"
"Boots",81,"High_range_product"
"Belt",84,"High_range_product"
"Sunglasses",51,"Middle_range_product"
"Sandals",42,"Middle_range_product"
"Coat",86,"High_range_product"
"Sneakers",43,"Middle_range_product"
"Skirt",34,"Middle_range_product"
"Handbag",37,"Middle_range_product"
"Coat",77,"High_range_product"
"Jewelry",66,"Middle_range_product"
"Skirt",26,"Low_range_product"
"Sunglasses",91,"High_range_product"
"Boots",26,"Low_range_product"
"Sandals",35,"Middle_range_product"
"Sweater",62,"Middle_range_product"
"Sweater",22,"Low_range_product"
"Backpack",38,"Middle_range_product"
"Blouse",73,"High_range_product"
"Hat",77,"High_range_product"
"Blouse",81,"High_range_product"
"Sneakers",46,"Middle_range_product"
"Shirt",33,"Low_range_product"
"Sandals",61,"Middle_range_product"
"Belt",56,"Middle_range_product"
"Hoodie",42,"Middle_range_product"
"Shorts",35,"Middle_range_product"
"T-shirt",48,"Middle_range_product"
"Hoodie",31,"Low_range_product"
"T-shirt",96,"High_range_product"
"Sneakers",32,"Low_range_product"
"Jewelry",93,"High_range_product"
"Coat",37,"Middle_range_product"
"Sandals",63,"Middle_range_product"
"Sunglasses",86,"High_range_product"
"Pants",55,"Middle_range_product"
"Sandals",49,"Middle_range_product"
"Handbag",97,"High_range_product"
"Shirt",74,"High_range_product"
"Scarf",58,"Middle_range_product"
"Boots",28,"Low_range_product"
"Backpack",58,"Middle_range_product"
"T-shirt",43,"Middle_range_product"
"Shirt",53,"Middle_range_product"
"Sunglasses",74,"High_range_product"
"Blouse",30,"Low_range_product"
"Shoes",52,"Middle_range_product"
"Sandals",59,"Middle_range_product"
"Handbag",53,"Middle_range_product"
"Shoes",30,"Low_range_product"
"Dress",28,"Low_range_product"
"Belt",74,"High_range_product"
"Shorts",97,"High_range_product"
"Sunglasses",22,"Low_range_product"
"Pants",58,"Middle_range_product"
"Backpack",77,"High_range_product"
"Sweater",50,"Middle_range_product"
"Hoodie",56,"Middle_range_product"
"T-shirt",70,"High_range_product"
"Pants",47,"Middle_range_product"
"Sneakers",95,"High_range_product"
"Gloves",38,"Middle_range_product"
"T-shirt",97,"High_range_product"
"Shoes",91,"High_range_product"
"Coat",97,"High_range_product"
"Boots",96,"High_range_product"
"Shorts",98,"High_range_product"
"Jacket",49,"Middle_range_product"
"Shirt",80,"High_range_product"
"Coat",52,"Middle_range_product"
"Jewelry",60,"Middle_range_product"
"Jeans",23,"Low_range_product"
"Handbag",78,"High_range_product"
"Jewelry",28,"Low_range_product"
"Hoodie",80,"High_range_product"
"Sweater",99,"High_range_product"
"Pants",23,"Low_range_product"
"Sneakers",96,"High_range_product"
"Backpack",48,"Middle_range_product"
"Scarf",57,"Middle_range_product"
"Hoodie",51,"Middle_range_product"
"Sandals",89,"High_range_product"
"Boots",99,"High_range_product"
"Shoes",72,"High_range_product"
"Jacket",39,"Middle_range_product"
"Pants",38,"Middle_range_product"
"Backpack",21,"Low_range_product"
"Coat",54,"Middle_range_product"
"Sneakers",79,"High_range_product"
"Pants",41,"Middle_range_product"
"Sunglasses",63,"Middle_range_product"
"Shirt",25,"Low_range_product"
"Hoodie",92,"High_range_product"
"Dress",41,"Middle_range_product"
"Dress",22,"Low_range_product"
"Belt",27,"Low_range_product"
"Gloves",83,"High_range_product"
"Gloves",59,"Middle_range_product"
"Shorts",72,"High_range_product"
"Shorts",32,"Low_range_product"
"Sunglasses",90,"High_range_product"
"Shorts",33,"Low_range_product"
"Sneakers",48,"Middle_range_product"
"Blouse",94,"High_range_product"
"Skirt",66,"Middle_range_product"
"Gloves",25,"Low_range_product"
"Socks",35,"Middle_range_product"
"Scarf",38,"Middle_range_product"
"Shorts",60,"Middle_range_product"
"Sweater",86,"High_range_product"
"Jeans",55,"Middle_range_product"
"Shoes",40,"Middle_range_product"
"Sneakers",65,"Middle_range_product"
"Sweater",52,"Middle_range_product"
"Jacket",84,"High_range_product"
"Handbag",81,"High_range_product"
"Belt",70,"High_range_product"
"Coat",59,"Middle_range_product"
"Skirt",59,"Middle_range_product"
"Jeans",57,"Middle_range_product"
"Backpack",71,"High_range_product"
"Scarf",97,"High_range_product"
"Shoes",24,"Low_range_product"
"Sneakers",60,"Middle_range_product"
"Jewelry",81,"High_range_product"
"Shirt",29,"Low_range_product"
"Sunglasses",30,"Low_range_product"
"Scarf",56,"Middle_range_product"
"Socks",88,"High_range_product"
"Shoes",20,"Low_range_product"
"Hat",58,"Middle_range_product"
"Coat",60,"Middle_range_product"
"Sunglasses",79,"High_range_product"
"Gloves",88,"High_range_product"
"Skirt",69,"High_range_product"
"Boots",44,"Middle_range_product"
"Socks",74,"High_range_product"
"Coat",96,"High_range_product"
"Sneakers",50,"Middle_range_product"
"Belt",39,"Middle_range_product"
"Coat",48,"Middle_range_product"
"Handbag",62,"Middle_range_product"
"Hat",21,"Low_range_product"
"Sunglasses",92,"High_range_product"
"Hoodie",73,"High_range_product"
"Boots",51,"Middle_range_product"
"Sunglasses",95,"High_range_product"
"Sneakers",55,"Middle_range_product"
"Sandals",68,"High_range_product"
"Dress",42,"Middle_range_product"
"Sneakers",82,"High_range_product"
"Pants",62,"Middle_range_product"
"Sneakers",27,"Low_range_product"
"Handbag",92,"High_range_product"
"Hoodie",81,"High_range_product"
"Boots",52,"Middle_range_product"
"Jacket",61,"Middle_range_product"
"Scarf",59,"Middle_range_product"
"Hat",76,"High_range_product"
"Shorts",68,"High_range_product"
"Hoodie",41,"Middle_range_product"
"Belt",36,"Middle_range_product"
"Dress",60,"Middle_range_product"
"Hat",50,"Middle_range_product"
"Hoodie",76,"High_range_product"
"Dress",27,"Low_range_product"
"Sneakers",47,"Middle_range_product"
"Jeans",87,"High_range_product"
"Shoes",65,"Middle_range_product"
"T-shirt",30,"Low_range_product"
"Sweater",29,"Low_range_product"
"Hat",67,"High_range_product"
"Coat",75,"High_range_product"
"Gloves",41,"Middle_range_product"
"Handbag",23,"Low_range_product"
"Boots",38,"Middle_range_product"
"Shoes",33,"Low_range_product"
"Shoes",90,"High_range_product"
"Socks",60,"Middle_range_product"
"Gloves",35,"Middle_range_product"
"Shirt",45,"Middle_range_product"
"Boots",68,"High_range_product"
"Shorts",47,"Middle_range_product"
"Hat",70,"High_range_product"
"Jacket",85,"High_range_product"
"Jewelry",96,"High_range_product"
"Boots",62,"Middle_range_product"
"Sunglasses",47,"Middle_range_product"
"Sweater",97,"High_range_product"
"T-shirt",51,"Middle_range_product"
"Dress",36,"Middle_range_product"
"Dress",82,"High_range_product"
"Coat",20,"Low_range_product"
"Hat",84,"High_range_product"
"Jeans",59,"Middle_range_product"
"Belt",97,"High_range_product"
"Shoes",75,"High_range_product"
"Jacket",88,"High_range_product"
"Handbag",52,"Middle_range_product"
"Shoes",68,"High_range_product"
"Handbag",33,"Low_range_product"
"Sneakers",71,"High_range_product"
"Jeans",20,"Low_range_product"
"Hoodie",98,"High_range_product"
"Jacket",20,"Low_range_product"
"Gloves",78,"High_range_product"
"Sneakers",62,"Middle_range_product"
"Jeans",86,"High_range_product"
"Pants",60,"Middle_range_product"
"Shirt",83,"High_range_product"
"Belt",79,"High_range_product"
"Pants",84,"High_range_product"
"Jacket",25,"Low_range_product"
"Sandals",52,"Middle_range_product"
"Gloves",70,"High_range_product"
"Sandals",57,"Middle_range_product"
"Sunglasses",75,"High_range_product"
"Blouse",61,"Middle_range_product"
"Shoes",49,"Middle_range_product"
"Backpack",64,"Middle_range_product"
"Belt",73,"High_range_product"
"T-shirt",22,"Low_range_product"
"Sandals",60,"Middle_range_product"
"Belt",87,"High_range_product"
"Belt",100,"High_range_product"
"Sneakers",54,"Middle_range_product"
"T-shirt",93,"High_range_product"
"Sunglasses",78,"High_range_product"
"Jeans",58,"Middle_range_product"
"Shorts",43,"Middle_range_product"
"Shirt",82,"High_range_product"
"Belt",95,"High_range_product"
"Shirt",64,"Middle_range_product"
"Sneakers",52,"Middle_range_product"
"T-shirt",62,"Middle_range_product"
"Jeans",99,"High_range_product"
"Sneakers",29,"Low_range_product"
"Skirt",70,"High_range_product"
"Shoes",66,"Middle_range_product"
"Shirt",71,"High_range_product"
"Shorts",89,"High_range_product"
"Sandals",20,"Low_range_product"
"T-shirt",68,"High_range_product"
"Shirt",41,"Middle_range_product"
"Shorts",63,"Middle_range_product"
"Sweater",72,"High_range_product"
"Scarf",32,"Low_range_product"
"Handbag",58,"Middle_range_product"
"Socks",45,"Middle_range_product"
"Sandals",33,"Low_range_product"
"Scarf",52,"Middle_range_product"
"Shoes",56,"Middle_range_product"
"Skirt",63,"Middle_range_product"
"Jacket",56,"Middle_range_product"
"Shorts",74,"High_range_product"
"Skirt",32,"Low_range_product"
"Sunglasses",87,"High_range_product"
"T-shirt",36,"Middle_range_product"
"Handbag",85,"High_range_product"
"Skirt",43,"Middle_range_product"
"Sunglasses",94,"High_range_product"
"Sweater",31,"Low_range_product"
"Coat",58,"Middle_range_product"
"Dress",98,"High_range_product"
"Sandals",48,"Middle_range_product"
"Jewelry",40,"Middle_range_product"
"Backpack",31,"Low_range_product"
"Jewelry",82,"High_range_product"
"Boots",82,"High_range_product"
"Jacket",51,"Middle_range_product"
"Sandals",97,"High_range_product"
"Handbag",67,"High_range_product"
"Belt",71,"High_range_product"
"Hat",48,"Middle_range_product"
"Backpack",75,"High_range_product"
"Dress",48,"Middle_range_product"
"Scarf",46,"Middle_range_product"
"Sweater",20,"Low_range_product"
"Shorts",31,"Low_range_product"
"Pants",97,"High_range_product"
"Hoodie",68,"High_range_product"
"Shorts",92,"High_range_product"
"Coat",62,"Middle_range_product"
"Sunglasses",85,"High_range_product"
"Dress",39,"Middle_range_product"
"Jewelry",52,"Middle_range_product"
"Sweater",81,"High_range_product"
"Hoodie",86,"High_range_product"
"Sweater",61,"Middle_range_product"
"Hoodie",66,"Middle_range_product"
"Shoes",42,"Middle_range_product"
"Handbag",32,"Low_range_product"
"Boots",94,"High_range_product"
"Pants",49,"Middle_range_product"
"Blouse",20,"Low_range_product"
"Blouse",36,"Middle_range_product"
"Boots",37,"Middle_range_product"
"Boots",70,"High_range_product"
"Boots",97,"High_range_product"
"Coat",36,"Middle_range_product"
"Sweater",48,"Middle_range_product"
"Shirt",57,"Middle_range_product"
"Shirt",87,"High_range_product"
"Coat",87,"High_range_product"
"Coat",78,"High_range_product"
"Pants",95,"High_range_product"
"Sandals",29,"Low_range_product"
"Backpack",68,"High_range_product"
"Socks",83,"High_range_product"
"Jewelry",57,"Middle_range_product"
"Pants",91,"High_range_product"
"Dress",45,"Middle_range_product"
"Sweater",21,"Low_range_product"
"Shoes",78,"High_range_product"
"T-shirt",57,"Middle_range_product"
"Jeans",93,"High_range_product"
"Jacket",95,"High_range_product"
"Hoodie",21,"Low_range_product"
"Shorts",54,"Middle_range_product"
"Boots",65,"Middle_range_product"
"Socks",32,"Low_range_product"
"Skirt",62,"Middle_range_product"
"Coat",72,"High_range_product"
"Jacket",21,"Low_range_product"
"Jewelry",69,"High_range_product"
"Jacket",46,"Middle_range_product"
"Shoes",64,"Middle_range_product"
"Socks",67,"High_range_product"
"Backpack",65,"Middle_range_product"
"Boots",83,"High_range_product"
"Coat",66,"Middle_range_product"
"Sunglasses",89,"High_range_product"
"Backpack",99,"High_range_product"
"Jacket",24,"Low_range_product"
"Boots",25,"Low_range_product"
"Skirt",23,"Low_range_product"
"Sneakers",99,"High_range_product"
"Scarf",99,"High_range_product"
"Jewelry",80,"High_range_product"
"Belt",77,"High_range_product"
"Hat",92,"High_range_product"
"Coat",32,"Low_range_product"
"Jewelry",68,"High_range_product"
"Sandals",27,"Low_range_product"
"Sunglasses",67,"High_range_product"
"Hoodie",36,"Middle_range_product"
"Sweater",93,"High_range_product"
"Belt",32,"Low_range_product"
"Socks",69,"High_range_product"
"Pants",21,"Low_range_product"
"Belt",63,"Middle_range_product"
"Hoodie",63,"Middle_range_product"
"Shorts",41,"Middle_range_product"
"Hat",27,"Low_range_product"
"Belt",23,"Low_range_product"
"Jacket",41,"Middle_range_product"
"Jeans",35,"Middle_range_product"
"Boots",55,"Middle_range_product"
"Jewelry",41,"Middle_range_product"
"Sunglasses",32,"Low_range_product"
"Blouse",45,"Middle_range_product"
"Skirt",93,"High_range_product"
"Shorts",93,"High_range_product"
"Sandals",69,"High_range_product"
"Jacket",68,"High_range_product"
"Jeans",24,"Low_range_product"
"Socks",70,"High_range_product"
"Shorts",91,"High_range_product"
"Sneakers",45,"Middle_range_product"
"Gloves",32,"Low_range_product"
"Backpack",82,"High_range_product"
"Sneakers",83,"High_range_product"
"Dress",33,"Low_range_product"
"Jeans",41,"Middle_range_product"
"Pants",78,"High_range_product"
"Blouse",83,"High_range_product"
"Skirt",36,"Middle_range_product"
"Jewelry",31,"Low_range_product"
"Hat",42,"Middle_range_product"
"Sandals",71,"High_range_product"
"Hat",45,"Middle_range_product"
"Handbag",84,"High_range_product"
"Skirt",33,"Low_range_product"
"Blouse",28,"Low_range_product"
"Blouse",39,"Middle_range_product"
"Blouse",82,"High_range_product"
"Jacket",23,"Low_range_product"
"Jewelry",86,"High_range_product"
"Boots",72,"High_range_product"
"Sunglasses",43,"Middle_range_product"
"Belt",85,"High_range_product"
"T-shirt",41,"Middle_range_product"
"Belt",54,"Middle_range_product"
"Skirt",44,"Middle_range_product"
"Sweater",85,"High_range_product"
"Sandals",30,"Low_range_product"
"Backpack",69,"High_range_product"
"Sunglasses",56,"Middle_range_product"
"Socks",94,"High_range_product"
"Dress",54,"Middle_range_product"
"Pants",87,"High_range_product"
"Gloves",92,"High_range_product"
"Handbag",57,"Middle_range_product"
"Sandals",91,"High_range_product"
"Belt",72,"High_range_product"
"Hoodie",43,"Middle_range_product"
"Pants",45,"Middle_range_product"
"Hat",56,"Middle_range_product"
"Skirt",24,"Low_range_product"
"Handbag",99,"High_range_product"
"Hat",43,"Middle_range_product"
"Dress",26,"Low_range_product"
"Blouse",75,"High_range_product"
"Pants",65,"Middle_range_product"
"Skirt",80,"High_range_product"
"Skirt",83,"High_range_product"
"Skirt",28,"Low_range_product"
"Jacket",76,"High_range_product"
"T-shirt",45,"Middle_range_product"
"Shorts",80,"High_range_product"
"Sunglasses",61,"Middle_range_product"
"Gloves",50,"Middle_range_product"
"Sweater",53,"Middle_range_product"
"Belt",76,"High_range_product"
"Hat",61,"Middle_range_product"
"Sandals",79,"High_range_product"
"Hoodie",50,"Middle_range_product"
"T-shirt",87,"High_range_product"
"Sunglasses",24,"Low_range_product"
"Handbag",44,"Middle_range_product"
"Sunglasses",99,"High_range_product"
"Dress",21,"Low_range_product"
"Shirt",51,"Middle_range_product"
"Pants",79,"High_range_product"
"Jewelry",43,"Middle_range_product"
"Socks",30,"Low_range_product"
"Backpack",85,"High_range_product"
"Belt",88,"High_range_product"
"Jacket",30,"Low_range_product"
"Gloves",98,"High_range_product"
"Blouse",96,"High_range_product"
"Shirt",94,"High_range_product"
"Handbag",82,"High_range_product"
"Jacket",57,"Middle_range_product"
"Dress",69,"High_range_product"
"Hoodie",38,"Middle_range_product"
"Boots",90,"High_range_product"
"Handbag",66,"Middle_range_product"
"Shorts",29,"Low_range_product"
"Socks",31,"Low_range_product"
"Scarf",77,"High_range_product"
"Sweater",83,"High_range_product"
"Hat",53,"Middle_range_product"
"Boots",21,"Low_range_product"
"Shoes",86,"High_range_product"
"Blouse",91,"High_range_product"
"Pants",32,"Low_range_product"
"Shoes",88,"High_range_product"
"Hat",51,"Middle_range_product"
"Sandals",36,"Middle_range_product"
"Shirt",89,"High_range_product"
"Blouse",46,"Middle_range_product"
"Skirt",58,"Middle_range_product"
"Socks",44,"Middle_range_product"
"Shirt",54,"Middle_range_product"
"Shirt",42,"Middle_range_product"
"Skirt",60,"Middle_range_product"
"Socks",75,"High_range_product"
"Sandals",76,"High_range_product"
"Dress",86,"High_range_product"
"Gloves",49,"Middle_range_product"
"Blouse",32,"Low_range_product"
"Hat",32,"Low_range_product"
"Shirt",40,"Middle_range_product"
"Blouse",21,"Low_range_product"
"T-shirt",21,"Low_range_product"
"Sunglasses",27,"Low_range_product"
"Shirt",66,"Middle_range_product"
"Skirt",98,"High_range_product"
"Sandals",37,"Middle_range_product"
"Socks",54,"Middle_range_product"
"Hoodie",40,"Middle_range_product"
"Sunglasses",60,"Middle_range_product"
"Blouse",71,"High_range_product"
"Shorts",36,"Middle_range_product"
"Belt",98,"High_range_product"
"Sneakers",68,"High_range_product"
"Shorts",25,"Low_range_product"
"Dress",23,"Low_range_product"
"Scarf",34,"Middle_range_product"
"Coat",56,"Middle_range_product"
"Belt",53,"Middle_range_product"
"Belt",25,"Low_range_product"
"Pants",28,"Low_range_product"
"Coat",50,"Middle_range_product"
"Jewelry",36,"Middle_range_product"
"Gloves",37,"Middle_range_product"
"Boots",54,"Middle_range_product"
"Sunglasses",58,"Middle_range_product"
"Backpack",78,"High_range_product"
"Sandals",73,"High_range_product"
"Sunglasses",20,"Low_range_product"
"Dress",95,"High_range_product"
"Handbag",21,"Low_range_product"
"Jeans",73,"High_range_product"
"Blouse",25,"Low_range_product"
"Pants",20,"Low_range_product"
"Gloves",45,"Middle_range_product"
"Jewelry",77,"High_range_product"
"Hoodie",55,"Middle_range_product"
"Boots",87,"High_range_product"
"Socks",50,"Middle_range_product"
"Sunglasses",59,"Middle_range_product"
"Socks",79,"High_range_product"
"Sweater",74,"High_range_product"
"Pants",82,"High_range_product"
"Shoes",77,"High_range_product"
"Hat",83,"High_range_product"
"Scarf",83,"High_range_product"
"Gloves",67,"High_range_product"
"Jacket",34,"Middle_range_product"
"T-shirt",65,"Middle_range_product"
"Socks",43,"Middle_range_product"
"Sandals",28,"Low_range_product"
"Jewelry",49,"Middle_range_product"
"T-shirt",50,"Middle_range_product"
"Skirt",91,"High_range_product"
"Backpack",37,"Middle_range_product"
"Shirt",60,"Middle_range_product"
"Scarf",20,"Low_range_product"
"T-shirt",73,"High_range_product"
"Scarf",96,"High_range_product"
"Gloves",65,"Middle_range_product"
"Gloves",44,"Middle_range_product"
"Handbag",90,"High_range_product"
"Hat",85,"High_range_product"
"Pants",80,"High_range_product"
"Jewelry",54,"Middle_range_product"
"Blouse",85,"High_range_product"
"Jewelry",75,"High_range_product"
"T-shirt",44,"Middle_range_product"
"Coat",74,"High_range_product"
"Handbag",40,"Middle_range_product"
"Hat",36,"Middle_range_product"
"Sneakers",84,"High_range_product"
"Boots",63,"Middle_range_product"
"Gloves",74,"High_range_product"
"Boots",50,"Middle_range_product"
"Blouse",50,"Middle_range_product"
"Jacket",36,"Middle_range_product"
"Coat",40,"Middle_range_product"
"Shoes",46,"Middle_range_product"
"Skirt",78,"High_range_product"
"Dress",64,"Middle_range_product"
"Shirt",59,"Middle_range_product"
"Dress",40,"Middle_range_product"
"Jeans",76,"High_range_product"
"Sandals",32,"Low_range_product"
"Shirt",28,"Low_range_product"
"Jacket",66,"Middle_range_product"
"Sandals",43,"Middle_range_product"
"Sneakers",81,"High_range_product"
"Scarf",98,"High_range_product"
"Backpack",70,"High_range_product"
"Jewelry",21,"Low_range_product"
"Coat",94,"High_range_product"
"Coat",53,"Middle_range_product"
"Pants",72,"High_range_product"
"Jeans",26,"Low_range_product"
"Scarf",87,"High_range_product"
"Pants",37,"Middle_range_product"
"Sneakers",91,"High_range_product"
"Pants",33,"Low_range_product"
"T-shirt",64,"Middle_range_product"
"Blouse",57,"Middle_range_product"
"Boots",78,"High_range_product"
"Dress",97,"High_range_product"
"Sunglasses",97,"High_range_product"
"Sunglasses",55,"Middle_range_product"
"Jacket",73,"High_range_product"
"Socks",33,"Low_range_product"
"Hoodie",57,"Middle_range_product"
"Sandals",82,"High_range_product"
"Hat",57,"Middle_range_product"
"Blouse",86,"High_range_product"
"Hoodie",61,"Middle_range_product"
"Jewelry",20,"Low_range_product"
"Coat",57,"Middle_range_product"
"Backpack",29,"Low_range_product"
"Dress",79,"High_range_product"
"Backpack",42,"Middle_range_product"
"Backpack",96,"High_range_product"
"Shirt",49,"Middle_range_product"
"Pants",53,"Middle_range_product"
"Backpack",30,"Low_range_product"
"Jeans",29,"Low_range_product"
"Gloves",60,"Middle_range_product"
"Sandals",96,"High_range_product"
"Jacket",32,"Low_range_product"
"Sweater",45,"Middle_range_product"
"Hat",96,"High_range_product"
"Pants",43,"Middle_range_product"
"Pants",86,"High_range_product"
"Pants",44,"Middle_range_product"
"Sandals",40,"Middle_range_product"
"Dress",81,"High_range_product"
"Belt",93,"High_range_product"
"Sneakers",42,"Middle_range_product"
"Shorts",67,"High_range_product"
"Sweater",41,"Middle_range_product"
"Pants",77,"High_range_product"
"Shirt",38,"Middle_range_product"
"Blouse",63,"Middle_range_product"
"Shorts",75,"High_range_product"
"Jeans",96,"High_range_product"
"Hat",66,"Middle_range_product"
"T-shirt",91,"High_range_product"
"Shorts",88,"High_range_product"
"Pants",64,"Middle_range_product"
"Hoodie",53,"Middle_range_product"
"Gloves",66,"Middle_range_product"
"Blouse",59,"Middle_range_product"
"Backpack",24,"Low_range_product"
"Gloves",84,"High_range_product"
"Sunglasses",83,"High_range_product"
"Shoes",76,"High_range_product"
"Jacket",59,"Middle_range_product"
"Sneakers",98,"High_range_product"
"Hat",29,"Low_range_product"
"Socks",25,"Low_range_product"
"Shoes",48,"Middle_range_product"
"Dress",68,"High_range_product"
"Dress",20,"Low_range_product"
"Sneakers",38,"Middle_range_product"
"Jeans",67,"High_range_product"
"Gloves",58,"Middle_range_product"
"Skirt",84,"High_range_product"
"Coat",43,"Middle_range_product"
"Scarf",95,"High_range_product"
"Jewelry",45,"Middle_range_product"
"Dress",52,"Middle_range_product"
"Hoodie",65,"Middle_range_product"
"Coat",34,"Middle_range_product"
"Dress",43,"Middle_range_product"
"Jacket",53,"Middle_range_product"
"Shorts",42,"Middle_range_product"
"Socks",68,"High_range_product"
"Backpack",91,"High_range_product"
"Scarf",41,"Middle_range_product"
"Pants",68,"High_range_product"
"Sandals",90,"High_range_product"
"Backpack",63,"Middle_range_product"
"Sandals",72,"High_range_product"
"Jewelry",83,"High_range_product"
"Boots",22,"Low_range_product"
"Scarf",79,"High_range_product"
"Backpack",46,"Middle_range_product"
"T-shirt",85,"High_range_product"
"Handbag",95,"High_range_product"
"Jacket",31,"Low_range_product"
"Sneakers",28,"Low_range_product"
"Hat",20,"Low_range_product"
"Shirt",61,"Middle_range_product"
"Pants",61,"Middle_range_product"
"Sunglasses",26,"Low_range_product"
"Dress",66,"Middle_range_product"
"Boots",71,"High_range_product"
"Boots",34,"Middle_range_product"
"Backpack",67,"High_range_product"
"Shirt",96,"High_range_product"
"Jewelry",99,"High_range_product"
"Coat",68,"High_range_product"
"Shirt",78,"High_range_product"
"Jewelry",72,"High_range_product"
"Jeans",42,"Middle_range_product"
"Sweater",67,"High_range_product"
"Sweater",88,"High_range_product"
"Handbag",22,"Low_range_product"
"Gloves",94,"High_range_product"
"Backpack",59,"Middle_range_product"
"Belt",69,"High_range_product"
"Hat",81,"High_range_product"
"T-shirt",72,"High_range_product"
"Hat",65,"Middle_range_product"
"Dress",93,"High_range_product"
"Skirt",100,"High_range_product"
"Boots",67,"High_range_product"
"Skirt",29,"Low_range_product"
"Jeans",47,"Middle_range_product"
"T-shirt",29,"Low_range_product"
"Jeans",62,"Middle_range_product"
"Sunglasses",45,"Middle_range_product"
"Jacket",94,"High_range_product"
"Shoes",28,"Low_range_product"
"Coat",95,"High_range_product"
"Sweater",46,"Middle_range_product"
"Jeans",53,"Middle_range_product"
"Socks",97,"High_range_product"
"Dress",90,"High_range_product"
"Scarf",42,"Middle_range_product"
"Hat",90,"High_range_product"
"Shoes",41,"Middle_range_product"
"Socks",49,"Middle_range_product"
"Jewelry",29,"Low_range_product"
"Shorts",50,"Middle_range_product"
"Sneakers",35,"Middle_range_product"
"Jeans",90,"High_range_product"
"T-shirt",33,"Low_range_product"
"Shoes",27,"Low_range_product"
"Scarf",85,"High_range_product"
"Sneakers",75,"High_range_product"
"Jewelry",25,"Low_range_product"
"Pants",40,"Middle_range_product"
"T-shirt",66,"Middle_range_product"
"Coat",82,"High_range_product"
"Pants",35,"Middle_range_product"
"Socks",100,"High_range_product"
"Hat",24,"Low_range_product"
"Shoes",70,"High_range_product"
"Coat",24,"Low_range_product"
"Sunglasses",77,"High_range_product"
"Belt",94,"High_range_product"
"Hat",87,"High_range_product"
"Backpack",40,"Middle_range_product"
"Coat",26,"Low_range_product"
"Skirt",94,"High_range_product"
"Jacket",60,"Middle_range_product"
"Pants",99,"High_range_product"
"Backpack",22,"Low_range_product"
"Handbag",42,"Middle_range_product"
"Belt",28,"Low_range_product"
"Sunglasses",82,"High_range_product"
"Handbag",45,"Middle_range_product"
"Socks",63,"Middle_range_product"
"Shirt",70,"High_range_product"
"Scarf",39,"Middle_range_product"
"Socks",29,"Low_range_product"
"Hoodie",67,"High_range_product"
"Sweater",33,"Low_range_product"
"Sunglasses",96,"High_range_product"
"Boots",95,"High_range_product"
"Handbag",76,"High_range_product"
"Dress",61,"Middle_range_product"
"Sunglasses",52,"Middle_range_product"
"Boots",46,"Middle_range_product"
"Dress",31,"Low_range_product"
"Sandals",31,"Low_range_product"
"Hat",31,"Low_range_product"
"Socks",46,"Middle_range_product"
"Backpack",20,"Low_range_product"
"Jewelry",90,"High_range_product"
"Scarf",35,"Middle_range_product"
"Scarf",75,"High_range_product"
"Dress",62,"Middle_range_product"
"Hat",80,"High_range_product"
"Jacket",63,"Middle_range_product"
"Jacket",93,"High_range_product"
"Jeans",34,"Middle_range_product"
"Skirt",21,"Low_range_product"
"Gloves",23,"Low_range_product"
"Jeans",69,"High_range_product"
"Shorts",40,"Middle_range_product"
"Shoes",60,"Middle_range_product"
"Skirt",55,"Middle_range_product"
"Gloves",27,"Low_range_product"
"Handbag",77,"High_range_product"
"Hat",63,"Middle_range_product"
"Shoes",37,"Middle_range_product"
"Gloves",54,"Middle_range_product"
"Belt",43,"Middle_range_product"
"Shirt",46,"Middle_range_product"
"Jacket",35,"Middle_range_product"
"Coat",89,"High_range_product"
"Gloves",61,"Middle_range_product"
"Gloves",97,"High_range_product"
"Blouse",37,"Middle_range_product"
"Dress",24,"Low_range_product"
"Belt",99,"High_range_product"
"Coat",81,"High_range_product"
"Hoodie",28,"Low_range_product"
"Gloves",33,"Low_range_product"
"Handbag",56,"Middle_range_product"
"Shoes",97,"High_range_product"
"Hoodie",29,"Low_range_product"
"Gloves",62,"Middle_range_product"
"Backpack",94,"High_range_product"
"Socks",98,"High_range_product"
"Hoodie",23,"Low_range_product"
"Shorts",78,"High_range_product"
"Jeans",31,"Low_range_product"
"Pants",98,"High_range_product"
"Skirt",48,"Middle_range_product"
"Hat",93,"High_range_product"
"Gloves",40,"Middle_range_product"
"Belt",75,"High_range_product"
"Blouse",35,"Middle_range_product"
"Pants",96,"High_range_product"
"Shoes",84,"High_range_product"
"Sandals",26,"Low_range_product"
"Blouse",67,"High_range_product"
"Handbag",61,"Middle_range_product"
"Gloves",57,"Middle_range_product"
"Pants",39,"Middle_range_product"
"Shorts",64,"Middle_range_product"
"Shirt",75,"High_range_product"
"Blouse",79,"High_range_product"
"Sandals",44,"Middle_range_product"
"Backpack",87,"High_range_product"
"Dress",49,"Middle_range_product"
"Sandals",53,"Middle_range_product"
"Jacket",55,"Middle_range_product"
"Skirt",45,"Middle_range_product"
"Belt",22,"Low_range_product"
"Dress",71,"High_range_product"
"Backpack",79,"High_range_product"
"T-shirt",23,"Low_range_product"
"Sneakers",97,"High_range_product"
"Pants",30,"Low_range_product"
"Coat",49,"Middle_range_product"
"Belt",51,"Middle_range_product"
