"customer_id","total_amount_spent","spender_type"
1,53,"Average_spender"
2,64,"Average_spender"
3,73,"High_spender"
4,90,"High_spender"
5,49,"Average_spender"
6,20,"Low_spender"
7,85,"High_spender"
8,34,"Average_spender"
9,97,"High_spender"
10,31,"Low_spender"
11,34,"Average_spender"
12,68,"High_spender"
13,72,"High_spender"
14,51,"Average_spender"
15,53,"Average_spender"
16,81,"High_spender"
17,36,"Average_spender"
18,38,"Average_spender"
19,48,"Average_spender"
20,90,"High_spender"
21,51,"Average_spender"
22,62,"Average_spender"
23,37,"Average_spender"
24,88,"High_spender"
25,22,"Low_spender"
26,25,"Low_spender"
27,20,"Low_spender"
28,56,"Average_spender"
29,94,"High_spender"
30,48,"Average_spender"
31,31,"Low_spender"
32,79,"High_spender"
33,67,"High_spender"
34,38,"Average_spender"
35,91,"High_spender"
36,33,"Low_spender"
37,69,"High_spender"
38,45,"Average_spender"
39,37,"Average_spender"
40,60,"Average_spender"
41,76,"High_spender"
42,39,"Average_spender"
43,100,"High_spender"
44,69,"High_spender"
45,53,"Average_spender"
46,21,"Low_spender"
47,43,"Average_spender"
48,54,"Average_spender"
49,55,"Average_spender"
50,30,"Low_spender"
51,28,"Low_spender"
52,59,"Average_spender"
53,20,"Low_spender"
54,24,"Low_spender"
55,94,"High_spender"
56,28,"Low_spender"
57,73,"High_spender"
58,64,"Average_spender"
59,54,"Average_spender"
60,79,"High_spender"
61,37,"Average_spender"
62,68,"High_spender"
63,21,"Low_spender"
64,79,"High_spender"
65,83,"High_spender"
66,36,"Average_spender"
67,94,"High_spender"
68,33,"Low_spender"
69,46,"Average_spender"
70,70,"High_spender"
71,29,"Low_spender"
72,48,"Average_spender"
73,26,"Low_spender"
74,85,"High_spender"
75,58,"Average_spender"
76,85,"High_spender"
77,43,"Average_spender"
78,53,"Average_spender"
79,91,"High_spender"
80,96,"High_spender"
81,72,"High_spender"
82,96,"High_spender"
83,28,"Low_spender"
84,40,"Average_spender"
85,32,"Low_spender"
86,95,"High_spender"
87,41,"Average_spender"
88,53,"Average_spender"
89,47,"Average_spender"
90,83,"High_spender"
91,48,"Average_spender"
92,99,"High_spender"
93,87,"High_spender"
94,62,"Average_spender"
95,76,"High_spender"
96,100,"High_spender"
97,73,"High_spender"
98,92,"High_spender"
99,67,"High_spender"
100,40,"Average_spender"
101,98,"High_spender"
102,85,"High_spender"
103,67,"High_spender"
104,89,"High_spender"
105,24,"Low_spender"
106,96,"High_spender"
107,35,"Average_spender"
108,67,"High_spender"
109,79,"High_spender"
110,85,"High_spender"
111,26,"Low_spender"
112,75,"High_spender"
113,65,"Average_spender"
114,54,"Average_spender"
115,95,"High_spender"
116,94,"High_spender"
117,86,"High_spender"
118,32,"Low_spender"
119,45,"Average_spender"
120,76,"High_spender"
121,84,"High_spender"
122,72,"High_spender"
123,40,"Average_spender"
124,89,"High_spender"
125,86,"High_spender"
126,54,"Average_spender"
127,36,"Average_spender"
128,89,"High_spender"
129,32,"Low_spender"
130,67,"High_spender"
131,39,"Average_spender"
132,29,"Low_spender"
133,58,"Average_spender"
134,65,"Average_spender"
135,94,"High_spender"
136,81,"High_spender"
137,86,"High_spender"
138,43,"Average_spender"
139,29,"Low_spender"
140,95,"High_spender"
141,28,"Low_spender"
142,46,"Average_spender"
143,58,"Average_spender"
144,48,"Average_spender"
145,43,"Average_spender"
146,95,"High_spender"
147,30,"Low_spender"
148,64,"Average_spender"
149,90,"High_spender"
150,76,"High_spender"
151,96,"High_spender"
152,47,"Average_spender"
153,85,"High_spender"
154,55,"Average_spender"
155,98,"High_spender"
156,77,"High_spender"
157,26,"Low_spender"
158,68,"High_spender"
159,73,"High_spender"
160,27,"Low_spender"
161,23,"Low_spender"
162,49,"Average_spender"
163,74,"High_spender"
164,67,"High_spender"
165,65,"Average_spender"
166,60,"Average_spender"
167,31,"Low_spender"
168,27,"Low_spender"
169,80,"High_spender"
170,30,"Low_spender"
171,25,"Low_spender"
172,35,"Average_spender"
173,67,"High_spender"
174,46,"Average_spender"
175,35,"Average_spender"
176,86,"High_spender"
177,81,"High_spender"
178,42,"Average_spender"
179,43,"Average_spender"
180,31,"Low_spender"
181,81,"High_spender"
182,61,"Average_spender"
183,96,"High_spender"
184,29,"Low_spender"
185,33,"Low_spender"
186,32,"Low_spender"
187,56,"Average_spender"
188,94,"High_spender"
189,53,"Average_spender"
190,82,"High_spender"
191,70,"High_spender"
192,76,"High_spender"
193,29,"Low_spender"
194,100,"High_spender"
195,94,"High_spender"
196,25,"Low_spender"
197,88,"High_spender"
198,78,"High_spender"
199,45,"Average_spender"
200,73,"High_spender"
201,61,"Average_spender"
202,22,"Low_spender"
203,38,"Average_spender"
204,38,"Average_spender"
205,100,"High_spender"
206,64,"Average_spender"
207,55,"Average_spender"
208,91,"High_spender"
209,38,"Average_spender"
210,97,"High_spender"
211,22,"Low_spender"
212,92,"High_spender"
213,84,"High_spender"
214,93,"High_spender"
215,50,"Average_spender"
216,64,"Average_spender"
217,61,"Average_spender"
218,48,"Average_spender"
219,45,"Average_spender"
220,88,"High_spender"
221,57,"Average_spender"
222,68,"High_spender"
223,94,"High_spender"
224,41,"Average_spender"
225,83,"High_spender"
226,22,"Low_spender"
227,74,"High_spender"
228,90,"High_spender"
229,79,"High_spender"
230,28,"Low_spender"
231,88,"High_spender"
232,26,"Low_spender"
233,27,"Low_spender"
234,83,"High_spender"
235,39,"Average_spender"
236,89,"High_spender"
237,68,"High_spender"
238,90,"High_spender"
239,34,"Average_spender"
240,51,"Average_spender"
241,45,"Average_spender"
242,88,"High_spender"
243,85,"High_spender"
244,100,"High_spender"
245,42,"Average_spender"
246,53,"Average_spender"
247,86,"High_spender"
248,66,"Average_spender"
249,100,"High_spender"
250,47,"Average_spender"
251,25,"Low_spender"
252,51,"Average_spender"
253,41,"Average_spender"
254,73,"High_spender"
255,42,"Average_spender"
256,20,"Low_spender"
257,30,"Low_spender"
258,53,"Average_spender"
259,74,"High_spender"
260,57,"Average_spender"
261,57,"Average_spender"
262,77,"High_spender"
263,40,"Average_spender"
264,46,"Average_spender"
265,78,"High_spender"
266,59,"Average_spender"
267,75,"High_spender"
268,54,"Average_spender"
269,42,"Average_spender"
270,44,"Average_spender"
271,52,"Average_spender"
272,69,"High_spender"
273,26,"Low_spender"
274,33,"Low_spender"
275,32,"Low_spender"
276,85,"High_spender"
277,30,"Low_spender"
278,29,"Low_spender"
279,95,"High_spender"
280,69,"High_spender"
281,69,"High_spender"
282,61,"Average_spender"
283,94,"High_spender"
284,30,"Low_spender"
285,45,"Average_spender"
286,39,"Average_spender"
287,51,"Average_spender"
288,37,"Average_spender"
289,62,"Average_spender"
290,85,"High_spender"
291,33,"Low_spender"
292,26,"Low_spender"
293,99,"High_spender"
294,39,"Average_spender"
295,20,"Low_spender"
296,42,"Average_spender"
297,74,"High_spender"
298,26,"Low_spender"
299,53,"Average_spender"
300,80,"High_spender"
301,98,"High_spender"
302,95,"High_spender"
303,44,"Average_spender"
304,60,"Average_spender"
305,84,"High_spender"
306,59,"Average_spender"
307,49,"Average_spender"
308,32,"Low_spender"
309,29,"Low_spender"
310,22,"Low_spender"
311,85,"High_spender"
312,52,"Average_spender"
313,89,"High_spender"
314,77,"High_spender"
315,24,"Low_spender"
316,24,"Low_spender"
317,22,"Low_spender"
318,82,"High_spender"
319,67,"High_spender"
320,74,"High_spender"
321,72,"High_spender"
322,36,"Average_spender"
323,95,"High_spender"
324,78,"High_spender"
325,82,"High_spender"
326,70,"High_spender"
327,41,"Average_spender"
328,42,"Average_spender"
329,50,"Average_spender"
330,31,"Low_spender"
331,51,"Average_spender"
332,98,"High_spender"
333,86,"High_spender"
334,64,"Average_spender"
335,46,"Average_spender"
336,85,"High_spender"
337,81,"High_spender"
338,59,"Average_spender"
339,79,"High_spender"
340,33,"Low_spender"
341,47,"Average_spender"
342,20,"Low_spender"
343,36,"Average_spender"
344,39,"Average_spender"
345,71,"High_spender"
346,59,"Average_spender"
347,50,"Average_spender"
348,41,"Average_spender"
349,59,"Average_spender"
350,87,"High_spender"
351,68,"High_spender"
352,90,"High_spender"
353,71,"High_spender"
354,64,"Average_spender"
355,76,"High_spender"
356,42,"Average_spender"
357,80,"High_spender"
358,56,"Average_spender"
359,25,"Low_spender"
360,74,"High_spender"
361,30,"Low_spender"
362,96,"High_spender"
363,64,"Average_spender"
364,88,"High_spender"
365,88,"High_spender"
366,88,"High_spender"
367,36,"Average_spender"
368,40,"Average_spender"
369,39,"Average_spender"
370,40,"Average_spender"
371,34,"Average_spender"
372,83,"High_spender"
373,85,"High_spender"
374,27,"Low_spender"
375,78,"High_spender"
376,32,"Low_spender"
377,51,"Average_spender"
378,32,"Low_spender"
379,62,"Average_spender"
380,29,"Low_spender"
381,69,"High_spender"
382,25,"Low_spender"
383,76,"High_spender"
384,77,"High_spender"
385,33,"Low_spender"
386,93,"High_spender"
387,39,"Average_spender"
388,93,"High_spender"
389,82,"High_spender"
390,42,"Average_spender"
391,71,"High_spender"
392,86,"High_spender"
393,82,"High_spender"
394,65,"Average_spender"
395,29,"Low_spender"
396,65,"Average_spender"
397,88,"High_spender"
398,46,"Average_spender"
399,67,"High_spender"
400,35,"Average_spender"
401,66,"Average_spender"
402,91,"High_spender"
403,78,"High_spender"
404,45,"Average_spender"
405,93,"High_spender"
406,74,"High_spender"
407,55,"Average_spender"
408,76,"High_spender"
409,66,"Average_spender"
410,51,"Average_spender"
411,26,"Low_spender"
412,29,"Low_spender"
413,74,"High_spender"
414,99,"High_spender"
415,88,"High_spender"
416,31,"Low_spender"
417,55,"Average_spender"
418,81,"High_spender"
419,73,"High_spender"
420,91,"High_spender"
421,54,"Average_spender"
422,40,"Average_spender"
423,59,"Average_spender"
424,26,"Low_spender"
425,23,"Low_spender"
426,87,"High_spender"
427,71,"High_spender"
428,91,"High_spender"
429,64,"Average_spender"
430,94,"High_spender"
431,40,"Average_spender"
432,76,"High_spender"
433,86,"High_spender"
434,92,"High_spender"
435,52,"Average_spender"
436,28,"Low_spender"
437,46,"Average_spender"
438,50,"Average_spender"
439,23,"Low_spender"
440,50,"Average_spender"
441,89,"High_spender"
442,81,"High_spender"
443,69,"High_spender"
444,67,"High_spender"
445,20,"Low_spender"
446,29,"Low_spender"
447,74,"High_spender"
448,82,"High_spender"
449,23,"Low_spender"
450,45,"Average_spender"
451,21,"Low_spender"
452,31,"Low_spender"
453,45,"Average_spender"
454,56,"Average_spender"
455,97,"High_spender"
456,100,"High_spender"
457,96,"High_spender"
458,99,"High_spender"
459,91,"High_spender"
460,30,"Low_spender"
461,65,"Average_spender"
462,93,"High_spender"
463,81,"High_spender"
464,81,"High_spender"
465,52,"Average_spender"
466,88,"High_spender"
467,24,"Low_spender"
468,51,"Average_spender"
469,38,"Average_spender"
470,46,"Average_spender"
471,63,"Average_spender"
472,72,"High_spender"
473,39,"Average_spender"
474,42,"Average_spender"
475,76,"High_spender"
476,66,"Average_spender"
477,90,"High_spender"
478,56,"Average_spender"
479,43,"Average_spender"
480,84,"High_spender"
481,88,"High_spender"
482,88,"High_spender"
483,42,"Average_spender"
484,73,"High_spender"
485,73,"High_spender"
486,44,"Average_spender"
487,63,"Average_spender"
488,68,"High_spender"
489,29,"Low_spender"
490,85,"High_spender"
491,42,"Average_spender"
492,69,"High_spender"
493,62,"Average_spender"
494,48,"Average_spender"
495,68,"High_spender"
496,36,"Average_spender"
497,63,"Average_spender"
498,39,"Average_spender"
499,78,"High_spender"
500,99,"High_spender"
501,31,"Low_spender"
502,45,"Average_spender"
503,30,"Low_spender"
504,24,"Low_spender"
505,22,"Low_spender"
506,63,"Average_spender"
507,40,"Average_spender"
508,20,"Low_spender"
509,20,"Low_spender"
510,80,"High_spender"
511,87,"High_spender"
512,46,"Average_spender"
513,49,"Average_spender"
514,65,"Average_spender"
515,62,"Average_spender"
516,67,"High_spender"
517,41,"Average_spender"
518,49,"Average_spender"
519,100,"High_spender"
520,54,"Average_spender"
521,84,"High_spender"
522,41,"Average_spender"
523,88,"High_spender"
524,40,"Average_spender"
525,39,"Average_spender"
526,37,"Average_spender"
527,52,"Average_spender"
528,23,"Low_spender"
529,88,"High_spender"
530,84,"High_spender"
531,37,"Average_spender"
532,51,"Average_spender"
533,76,"High_spender"
534,60,"Average_spender"
535,72,"High_spender"
536,45,"Average_spender"
537,84,"High_spender"
538,49,"Average_spender"
539,22,"Low_spender"
540,48,"Average_spender"
541,37,"Average_spender"
542,27,"Low_spender"
543,79,"High_spender"
544,98,"High_spender"
545,64,"Average_spender"
546,32,"Low_spender"
547,74,"High_spender"
548,50,"Average_spender"
549,64,"Average_spender"
550,29,"Low_spender"
551,62,"Average_spender"
552,78,"High_spender"
553,94,"High_spender"
554,59,"Average_spender"
555,47,"Average_spender"
556,57,"Average_spender"
557,90,"High_spender"
558,60,"Average_spender"
559,77,"High_spender"
560,41,"Average_spender"
561,48,"Average_spender"
562,65,"Average_spender"
563,62,"Average_spender"
564,99,"High_spender"
565,58,"Average_spender"
566,43,"Average_spender"
567,93,"High_spender"
568,50,"Average_spender"
569,88,"High_spender"
570,33,"Low_spender"
571,99,"High_spender"
572,76,"High_spender"
573,97,"High_spender"
574,68,"High_spender"
575,79,"High_spender"
576,86,"High_spender"
577,68,"High_spender"
578,52,"Average_spender"
579,90,"High_spender"
580,41,"Average_spender"
581,80,"High_spender"
582,100,"High_spender"
583,77,"High_spender"
584,78,"High_spender"
585,94,"High_spender"
586,23,"Low_spender"
587,20,"Low_spender"
588,86,"High_spender"
589,60,"Average_spender"
590,70,"High_spender"
591,39,"Average_spender"
592,37,"Average_spender"
593,29,"Low_spender"
594,35,"Average_spender"
595,83,"High_spender"
596,77,"High_spender"
597,37,"Average_spender"
598,69,"High_spender"
599,66,"Average_spender"
600,26,"Low_spender"
601,63,"Average_spender"
602,38,"Average_spender"
603,58,"Average_spender"
604,46,"Average_spender"
605,92,"High_spender"
606,32,"Low_spender"
607,90,"High_spender"
608,23,"Low_spender"
609,25,"Low_spender"
610,54,"Average_spender"
611,72,"High_spender"
612,33,"Low_spender"
613,43,"Average_spender"
614,51,"Average_spender"
615,85,"High_spender"
616,100,"High_spender"
617,72,"High_spender"
618,57,"Average_spender"
619,94,"High_spender"
620,34,"Average_spender"
621,89,"High_spender"
622,27,"Low_spender"
623,63,"Average_spender"
624,70,"High_spender"
625,87,"High_spender"
626,79,"High_spender"
627,79,"High_spender"
628,44,"Average_spender"
629,85,"High_spender"
630,90,"High_spender"
631,94,"High_spender"
632,68,"High_spender"
633,51,"Average_spender"
634,33,"Low_spender"
635,60,"Average_spender"
636,59,"Average_spender"
637,30,"Low_spender"
638,20,"Low_spender"
639,20,"Low_spender"
640,24,"Low_spender"
641,88,"High_spender"
642,78,"High_spender"
643,25,"Low_spender"
644,57,"Average_spender"
645,93,"High_spender"
646,42,"Average_spender"
647,54,"Average_spender"
648,70,"High_spender"
649,31,"Low_spender"
650,93,"High_spender"
651,40,"Average_spender"
652,32,"Low_spender"
653,27,"Low_spender"
654,68,"High_spender"
655,59,"Average_spender"
656,36,"Average_spender"
657,23,"Low_spender"
658,80,"High_spender"
659,37,"Average_spender"
660,52,"Average_spender"
661,79,"High_spender"
662,68,"High_spender"
663,98,"High_spender"
664,83,"High_spender"
665,83,"High_spender"
666,55,"Average_spender"
667,26,"Low_spender"
668,76,"High_spender"
669,85,"High_spender"
670,89,"High_spender"
671,41,"Average_spender"
672,30,"Low_spender"
673,53,"Average_spender"
674,66,"Average_spender"
675,33,"Low_spender"
676,86,"High_spender"
677,60,"Average_spender"
678,62,"Average_spender"
679,74,"High_spender"
680,95,"High_spender"
681,25,"Low_spender"
682,59,"Average_spender"
683,29,"Low_spender"
684,36,"Average_spender"
685,82,"High_spender"
686,71,"High_spender"
687,35,"Average_spender"
688,38,"Average_spender"
689,59,"Average_spender"
690,91,"High_spender"
691,68,"High_spender"
692,21,"Low_spender"
693,95,"High_spender"
694,52,"Average_spender"
695,21,"Low_spender"
696,67,"High_spender"
697,42,"Average_spender"
698,63,"Average_spender"
699,41,"Average_spender"
700,46,"Average_spender"
701,79,"High_spender"
702,90,"High_spender"
703,71,"High_spender"
704,87,"High_spender"
705,66,"Average_spender"
706,90,"High_spender"
707,47,"Average_spender"
708,38,"Average_spender"
709,50,"Average_spender"
710,79,"High_spender"
711,91,"High_spender"
712,60,"Average_spender"
713,81,"High_spender"
714,90,"High_spender"
715,70,"High_spender"
716,63,"Average_spender"
717,29,"Low_spender"
718,90,"High_spender"
719,22,"Low_spender"
720,22,"Low_spender"
721,62,"Average_spender"
722,57,"Average_spender"
723,32,"Low_spender"
724,53,"Average_spender"
725,79,"High_spender"
726,61,"Average_spender"
727,78,"High_spender"
728,97,"High_spender"
729,78,"High_spender"
730,56,"Average_spender"
731,25,"Low_spender"
732,28,"Low_spender"
733,57,"Average_spender"
734,36,"Average_spender"
735,69,"High_spender"
736,48,"Average_spender"
737,58,"Average_spender"
738,24,"Low_spender"
739,31,"Low_spender"
740,29,"Low_spender"
741,69,"High_spender"
742,79,"High_spender"
743,39,"Average_spender"
744,84,"High_spender"
745,66,"Average_spender"
746,92,"High_spender"
747,45,"Average_spender"
748,74,"High_spender"
749,39,"Average_spender"
750,71,"High_spender"
751,95,"High_spender"
752,72,"High_spender"
753,85,"High_spender"
754,54,"Average_spender"
755,41,"Average_spender"
756,24,"Low_spender"
757,99,"High_spender"
758,32,"Low_spender"
759,71,"High_spender"
760,49,"Average_spender"
761,50,"Average_spender"
762,91,"High_spender"
763,46,"Average_spender"
764,50,"Average_spender"
765,39,"Average_spender"
766,99,"High_spender"
767,48,"Average_spender"
768,77,"High_spender"
769,95,"High_spender"
770,100,"High_spender"
771,54,"Average_spender"
772,68,"High_spender"
773,22,"Low_spender"
774,84,"High_spender"
775,46,"Average_spender"
776,53,"Average_spender"
777,60,"Average_spender"
778,32,"Low_spender"
779,50,"Average_spender"
780,94,"High_spender"
781,26,"Low_spender"
782,44,"Average_spender"
783,57,"Average_spender"
784,65,"Average_spender"
785,72,"High_spender"
786,62,"Average_spender"
787,21,"Low_spender"
788,85,"High_spender"
789,51,"Average_spender"
790,84,"High_spender"
791,37,"Average_spender"
792,44,"Average_spender"
793,45,"Average_spender"
794,35,"Average_spender"
795,50,"Average_spender"
796,26,"Low_spender"
797,78,"High_spender"
798,82,"High_spender"
799,39,"Average_spender"
800,55,"Average_spender"
801,20,"Low_spender"
802,29,"Low_spender"
803,41,"Average_spender"
804,38,"Average_spender"
805,47,"Average_spender"
806,30,"Low_spender"
807,56,"Average_spender"
808,89,"High_spender"
809,96,"High_spender"
810,81,"High_spender"
811,83,"High_spender"
812,35,"Average_spender"
813,56,"Average_spender"
814,45,"Average_spender"
815,62,"Average_spender"
816,84,"High_spender"
817,24,"Low_spender"
818,21,"Low_spender"
819,91,"High_spender"
820,36,"Average_spender"
821,39,"Average_spender"
822,39,"Average_spender"
823,59,"Average_spender"
824,27,"Low_spender"
825,94,"High_spender"
826,94,"High_spender"
827,94,"High_spender"
828,51,"Average_spender"
829,62,"Average_spender"
830,57,"Average_spender"
831,76,"High_spender"
832,63,"Average_spender"
833,80,"High_spender"
834,68,"High_spender"
835,89,"High_spender"
836,26,"Low_spender"
837,90,"High_spender"
838,28,"Low_spender"
839,29,"Low_spender"
840,31,"Low_spender"
841,24,"Low_spender"
842,88,"High_spender"
843,87,"High_spender"
844,80,"High_spender"
845,48,"Average_spender"
846,21,"Low_spender"
847,72,"High_spender"
848,44,"Average_spender"
849,73,"High_spender"
850,61,"Average_spender"
851,20,"Low_spender"
852,86,"High_spender"
853,60,"Average_spender"
854,43,"Average_spender"
855,44,"Average_spender"
856,76,"High_spender"
857,33,"Low_spender"
858,60,"Average_spender"
859,26,"Low_spender"
860,73,"High_spender"
861,87,"High_spender"
862,100,"High_spender"
863,84,"High_spender"
864,41,"Average_spender"
865,59,"Average_spender"
866,26,"Low_spender"
867,69,"High_spender"
868,20,"Low_spender"
869,83,"High_spender"
870,54,"Average_spender"
871,66,"Average_spender"
872,42,"Average_spender"
873,33,"Low_spender"
874,77,"High_spender"
875,65,"Average_spender"
876,39,"Average_spender"
877,51,"Average_spender"
878,65,"Average_spender"
879,89,"High_spender"
880,76,"High_spender"
881,75,"High_spender"
882,61,"Average_spender"
883,35,"Average_spender"
884,37,"Average_spender"
885,91,"High_spender"
886,99,"High_spender"
887,54,"Average_spender"
888,47,"Average_spender"
889,77,"High_spender"
890,84,"High_spender"
891,51,"Average_spender"
892,26,"Low_spender"
893,64,"Average_spender"
894,51,"Average_spender"
895,60,"Average_spender"
896,69,"High_spender"
897,29,"Low_spender"
898,91,"High_spender"
899,70,"High_spender"
900,58,"Average_spender"
901,98,"High_spender"
902,68,"High_spender"
903,44,"Average_spender"
904,45,"Average_spender"
905,99,"High_spender"
906,68,"High_spender"
907,56,"Average_spender"
908,43,"Average_spender"
909,99,"High_spender"
910,56,"Average_spender"
911,25,"Low_spender"
912,74,"High_spender"
913,56,"Average_spender"
914,47,"Average_spender"
915,67,"High_spender"
916,22,"Low_spender"
917,34,"Average_spender"
918,64,"Average_spender"
919,42,"Average_spender"
920,82,"High_spender"
921,81,"High_spender"
922,24,"Low_spender"
923,60,"Average_spender"
924,24,"Low_spender"
925,78,"High_spender"
926,88,"High_spender"
927,63,"Average_spender"
928,78,"High_spender"
929,37,"Average_spender"
930,94,"High_spender"
931,78,"High_spender"
932,36,"Average_spender"
933,24,"Low_spender"
934,84,"High_spender"
935,47,"Average_spender"
936,51,"Average_spender"
937,84,"High_spender"
938,24,"Low_spender"
939,97,"High_spender"
940,89,"High_spender"
941,44,"Average_spender"
942,35,"Average_spender"
943,91,"High_spender"
944,63,"Average_spender"
945,97,"High_spender"
946,38,"Average_spender"
947,24,"Low_spender"
948,32,"Low_spender"
949,90,"High_spender"
950,36,"Average_spender"
951,37,"Average_spender"
952,51,"Average_spender"
953,71,"High_spender"
954,50,"Average_spender"
955,74,"High_spender"
956,75,"High_spender"
957,99,"High_spender"
958,23,"Low_spender"
959,53,"Average_spender"
960,99,"High_spender"
961,48,"Average_spender"
962,72,"High_spender"
963,64,"Average_spender"
964,63,"Average_spender"
965,51,"Average_spender"
966,55,"Average_spender"
967,55,"Average_spender"
968,26,"Low_spender"
969,67,"High_spender"
970,31,"Low_spender"
971,66,"Average_spender"
972,67,"High_spender"
973,61,"Average_spender"
974,75,"High_spender"
975,90,"High_spender"
976,40,"Average_spender"
977,90,"High_spender"
978,20,"Low_spender"
979,40,"Average_spender"
980,33,"Low_spender"
981,98,"High_spender"
982,42,"Average_spender"
983,62,"Average_spender"
984,45,"Average_spender"
985,78,"High_spender"
986,80,"High_spender"
987,96,"High_spender"
988,47,"Average_spender"
989,84,"High_spender"
990,31,"Low_spender"
991,63,"Average_spender"
992,97,"High_spender"
993,99,"High_spender"
994,90,"High_spender"
995,68,"High_spender"
996,80,"High_spender"
997,91,"High_spender"
998,30,"Low_spender"
999,90,"High_spender"
1000,28,"Low_spender"
1001,46,"Average_spender"
1002,60,"Average_spender"
1003,59,"Average_spender"
1004,68,"High_spender"
1005,79,"High_spender"
1006,94,"High_spender"
1007,83,"High_spender"
1008,62,"Average_spender"
1009,85,"High_spender"
1010,30,"Low_spender"
1011,24,"Low_spender"
1012,25,"Low_spender"
1013,37,"Average_spender"
1014,69,"High_spender"
1015,97,"High_spender"
1016,24,"Low_spender"
1017,30,"Low_spender"
1018,53,"Average_spender"
1019,70,"High_spender"
1020,76,"High_spender"
1021,95,"High_spender"
1022,51,"Average_spender"
1023,41,"Average_spender"
1024,71,"High_spender"
1025,66,"Average_spender"
1026,84,"High_spender"
1027,95,"High_spender"
1028,90,"High_spender"
1029,36,"Average_spender"
1030,22,"Low_spender"
1031,89,"High_spender"
1032,50,"Average_spender"
1033,36,"Average_spender"
1034,52,"Average_spender"
1035,29,"Low_spender"
1036,89,"High_spender"
1037,47,"Average_spender"
1038,25,"Low_spender"
1039,74,"High_spender"
1040,46,"Average_spender"
1041,22,"Low_spender"
1042,25,"Low_spender"
1043,80,"High_spender"
1044,76,"High_spender"
1045,30,"Low_spender"
1046,79,"High_spender"
1047,22,"Low_spender"
1048,36,"Average_spender"
1049,77,"High_spender"
1050,33,"Low_spender"
1051,64,"Average_spender"
1052,53,"Average_spender"
1053,36,"Average_spender"
1054,70,"High_spender"
1055,96,"High_spender"
1056,27,"Low_spender"
1057,64,"Average_spender"
1058,23,"Low_spender"
1059,33,"Low_spender"
1060,34,"Average_spender"
1061,35,"Average_spender"
1062,62,"Average_spender"
1063,75,"High_spender"
1064,29,"Low_spender"
1065,28,"Low_spender"
1066,20,"Low_spender"
1067,96,"High_spender"
1068,43,"Average_spender"
1069,94,"High_spender"
1070,81,"High_spender"
1071,75,"High_spender"
1072,81,"High_spender"
1073,92,"High_spender"
1074,96,"High_spender"
1075,71,"High_spender"
1076,50,"Average_spender"
1077,72,"High_spender"
1078,28,"Low_spender"
1079,59,"Average_spender"
1080,33,"Low_spender"
1081,59,"Average_spender"
1082,30,"Low_spender"
1083,85,"High_spender"
1084,97,"High_spender"
1085,36,"Average_spender"
1086,85,"High_spender"
1087,62,"Average_spender"
1088,71,"High_spender"
1089,21,"Low_spender"
1090,61,"Average_spender"
1091,58,"Average_spender"
1092,80,"High_spender"
1093,50,"Average_spender"
1094,48,"Average_spender"
1095,40,"Average_spender"
1096,34,"Average_spender"
1097,46,"Average_spender"
1098,27,"Low_spender"
1099,98,"High_spender"
1100,73,"High_spender"
1101,28,"Low_spender"
1102,76,"High_spender"
1103,83,"High_spender"
1104,23,"Low_spender"
1105,28,"Low_spender"
1106,83,"High_spender"
1107,96,"High_spender"
1108,62,"Average_spender"
1109,25,"Low_spender"
1110,97,"High_spender"
1111,61,"Average_spender"
1112,66,"Average_spender"
1113,67,"High_spender"
1114,80,"High_spender"
1115,25,"Low_spender"
1116,58,"Average_spender"
1117,96,"High_spender"
1118,77,"High_spender"
1119,65,"Average_spender"
1120,36,"Average_spender"
1121,84,"High_spender"
1122,58,"Average_spender"
1123,62,"Average_spender"
1124,67,"High_spender"
1125,20,"Low_spender"
1126,90,"High_spender"
1127,58,"Average_spender"
1128,53,"Average_spender"
1129,30,"Low_spender"
1130,65,"Average_spender"
1131,41,"Average_spender"
1132,73,"High_spender"
1133,98,"High_spender"
1134,36,"Average_spender"
1135,81,"High_spender"
1136,90,"High_spender"
1137,83,"High_spender"
1138,91,"High_spender"
1139,36,"Average_spender"
1140,53,"Average_spender"
1141,39,"Average_spender"
1142,33,"Low_spender"
1143,76,"High_spender"
1144,23,"Low_spender"
1145,54,"Average_spender"
1146,89,"High_spender"
1147,38,"Average_spender"
1148,36,"Average_spender"
1149,66,"Average_spender"
1150,42,"Average_spender"
1151,36,"Average_spender"
1152,86,"High_spender"
1153,49,"Average_spender"
1154,41,"Average_spender"
1155,82,"High_spender"
1156,53,"Average_spender"
1157,21,"Low_spender"
1158,66,"Average_spender"
1159,89,"High_spender"
1160,55,"Average_spender"
1161,42,"Average_spender"
1162,52,"Average_spender"
1163,92,"High_spender"
1164,56,"Average_spender"
1165,96,"High_spender"
1166,64,"Average_spender"
1167,48,"Average_spender"
1168,83,"High_spender"
1169,91,"High_spender"
1170,94,"High_spender"
1171,62,"Average_spender"
1172,55,"Average_spender"
1173,68,"High_spender"
1174,76,"High_spender"
1175,31,"Low_spender"
1176,81,"High_spender"
1177,83,"High_spender"
1178,21,"Low_spender"
1179,22,"Low_spender"
1180,33,"Low_spender"
1181,23,"Low_spender"
1182,96,"High_spender"
1183,21,"Low_spender"
1184,39,"Average_spender"
1185,73,"High_spender"
1186,64,"Average_spender"
1187,68,"High_spender"
1188,89,"High_spender"
1189,29,"Low_spender"
1190,97,"High_spender"
1191,45,"Average_spender"
1192,70,"High_spender"
1193,56,"Average_spender"
1194,55,"Average_spender"
1195,46,"Average_spender"
1196,95,"High_spender"
1197,88,"High_spender"
1198,92,"High_spender"
1199,49,"Average_spender"
1200,89,"High_spender"
1201,22,"Low_spender"
1202,61,"Average_spender"
1203,29,"Low_spender"
1204,82,"High_spender"
1205,94,"High_spender"
1206,99,"High_spender"
1207,59,"Average_spender"
1208,90,"High_spender"
1209,100,"High_spender"
1210,62,"Average_spender"
1211,78,"High_spender"
1212,94,"High_spender"
1213,74,"High_spender"
1214,52,"Average_spender"
1215,81,"High_spender"
1216,20,"Low_spender"
1217,32,"Low_spender"
1218,63,"Average_spender"
1219,79,"High_spender"
1220,23,"Low_spender"
1221,64,"Average_spender"
1222,69,"High_spender"
1223,69,"High_spender"
1224,24,"Low_spender"
1225,50,"Average_spender"
1226,97,"High_spender"
1227,91,"High_spender"
1228,37,"Average_spender"
1229,55,"Average_spender"
1230,52,"Average_spender"
1231,80,"High_spender"
1232,79,"High_spender"
1233,23,"Low_spender"
1234,73,"High_spender"
1235,99,"High_spender"
1236,22,"Low_spender"
1237,68,"High_spender"
1238,92,"High_spender"
1239,77,"High_spender"
1240,37,"Average_spender"
1241,79,"High_spender"
1242,51,"Average_spender"
1243,27,"Low_spender"
1244,23,"Low_spender"
1245,76,"High_spender"
1246,31,"Low_spender"
1247,60,"Average_spender"
1248,99,"High_spender"
1249,37,"Average_spender"
1250,50,"Average_spender"
1251,26,"Low_spender"
1252,86,"High_spender"
1253,41,"Average_spender"
1254,23,"Low_spender"
1255,56,"Average_spender"
1256,68,"High_spender"
1257,48,"Average_spender"
1258,67,"High_spender"
1259,87,"High_spender"
1260,64,"Average_spender"
1261,93,"High_spender"
1262,29,"Low_spender"
1263,62,"Average_spender"
1264,70,"High_spender"
1265,92,"High_spender"
1266,79,"High_spender"
1267,31,"Low_spender"
1268,83,"High_spender"
1269,88,"High_spender"
1270,53,"Average_spender"
1271,98,"High_spender"
1272,57,"Average_spender"
1273,80,"High_spender"
1274,29,"Low_spender"
1275,73,"High_spender"
1276,32,"Low_spender"
1277,68,"High_spender"
1278,97,"High_spender"
1279,98,"High_spender"
1280,56,"Average_spender"
1281,78,"High_spender"
1282,81,"High_spender"
1283,68,"High_spender"
1284,94,"High_spender"
1285,93,"High_spender"
1286,99,"High_spender"
1287,49,"Average_spender"
1288,28,"Low_spender"
1289,93,"High_spender"
1290,24,"Low_spender"
1291,35,"Average_spender"
1292,68,"High_spender"
1293,61,"Average_spender"
1294,74,"High_spender"
1295,64,"Average_spender"
1296,60,"Average_spender"
1297,29,"Low_spender"
1298,85,"High_spender"
1299,81,"High_spender"
1300,23,"Low_spender"
1301,100,"High_spender"
1302,54,"Average_spender"
1303,25,"Low_spender"
1304,32,"Low_spender"
1305,63,"Average_spender"
1306,56,"Average_spender"
1307,33,"Low_spender"
1308,32,"Low_spender"
1309,38,"Average_spender"
1310,21,"Low_spender"
1311,59,"Average_spender"
1312,87,"High_spender"
1313,79,"High_spender"
1314,28,"Low_spender"
1315,67,"High_spender"
1316,75,"High_spender"
1317,32,"Low_spender"
1318,43,"Average_spender"
1319,93,"High_spender"
1320,24,"Low_spender"
1321,31,"Low_spender"
1322,84,"High_spender"
1323,74,"High_spender"
1324,62,"Average_spender"
1325,77,"High_spender"
1326,73,"High_spender"
1327,50,"Average_spender"
1328,40,"Average_spender"
1329,97,"High_spender"
1330,63,"Average_spender"
1331,65,"Average_spender"
1332,91,"High_spender"
1333,60,"Average_spender"
1334,69,"High_spender"
1335,52,"Average_spender"
1336,49,"Average_spender"
1337,85,"High_spender"
1338,86,"High_spender"
1339,51,"Average_spender"
1340,56,"Average_spender"
1341,72,"High_spender"
1342,27,"Low_spender"
1343,43,"Average_spender"
1344,56,"Average_spender"
1345,37,"Average_spender"
1346,21,"Low_spender"
1347,91,"High_spender"
1348,95,"High_spender"
1349,54,"Average_spender"
1350,36,"Average_spender"
1351,71,"High_spender"
1352,31,"Low_spender"
1353,89,"High_spender"
1354,83,"High_spender"
1355,42,"Average_spender"
1356,91,"High_spender"
1357,61,"Average_spender"
1358,66,"Average_spender"
1359,22,"Low_spender"
1360,68,"High_spender"
1361,43,"Average_spender"
1362,32,"Low_spender"
1363,46,"Average_spender"
1364,90,"High_spender"
1365,75,"High_spender"
1366,69,"High_spender"
1367,40,"Average_spender"
1368,63,"Average_spender"
1369,36,"Average_spender"
1370,75,"High_spender"
1371,67,"High_spender"
1372,64,"Average_spender"
1373,61,"Average_spender"
1374,40,"Average_spender"
1375,97,"High_spender"
1376,31,"Low_spender"
1377,65,"Average_spender"
1378,54,"Average_spender"
1379,49,"Average_spender"
1380,64,"Average_spender"
1381,35,"Average_spender"
1382,86,"High_spender"
1383,55,"Average_spender"
1384,58,"Average_spender"
1385,96,"High_spender"
1386,64,"Average_spender"
1387,56,"Average_spender"
1388,85,"High_spender"
1389,23,"Low_spender"
1390,72,"High_spender"
1391,38,"Average_spender"
1392,29,"Low_spender"
1393,46,"Average_spender"
1394,58,"Average_spender"
1395,43,"Average_spender"
1396,32,"Low_spender"
1397,30,"Low_spender"
1398,67,"High_spender"
1399,45,"Average_spender"
1400,81,"High_spender"
1401,23,"Low_spender"
1402,59,"Average_spender"
1403,21,"Low_spender"
1404,20,"Low_spender"
1405,28,"Low_spender"
1406,100,"High_spender"
1407,46,"Average_spender"
1408,61,"Average_spender"
1409,58,"Average_spender"
1410,50,"Average_spender"
1411,93,"High_spender"
1412,24,"Low_spender"
1413,100,"High_spender"
1414,79,"High_spender"
1415,51,"Average_spender"
1416,90,"High_spender"
1417,56,"Average_spender"
1418,25,"Low_spender"
1419,75,"High_spender"
1420,75,"High_spender"
1421,53,"Average_spender"
1422,100,"High_spender"
1423,27,"Low_spender"
1424,60,"Average_spender"
1425,23,"Low_spender"
1426,40,"Average_spender"
1427,38,"Average_spender"
1428,90,"High_spender"
1429,97,"High_spender"
1430,38,"Average_spender"
1431,30,"Low_spender"
1432,88,"High_spender"
1433,33,"Low_spender"
1434,60,"Average_spender"
1435,64,"Average_spender"
1436,95,"High_spender"
1437,83,"High_spender"
1438,97,"High_spender"
1439,38,"Average_spender"
1440,48,"Average_spender"
1441,76,"High_spender"
1442,25,"Low_spender"
1443,92,"High_spender"
1444,47,"Average_spender"
1445,36,"Average_spender"
1446,51,"Average_spender"
1447,35,"Average_spender"
1448,57,"Average_spender"
1449,95,"High_spender"
1450,41,"Average_spender"
1451,44,"Average_spender"
1452,34,"Average_spender"
1453,25,"Low_spender"
1454,93,"High_spender"
1455,50,"Average_spender"
1456,79,"High_spender"
1457,100,"High_spender"
1458,57,"Average_spender"
1459,28,"Low_spender"
1460,35,"Average_spender"
1461,85,"High_spender"
1462,95,"High_spender"
1463,90,"High_spender"
1464,49,"Average_spender"
1465,92,"High_spender"
1466,72,"High_spender"
1467,71,"High_spender"
1468,27,"Low_spender"
1469,39,"Average_spender"
1470,98,"High_spender"
1471,27,"Low_spender"
1472,71,"High_spender"
1473,24,"Low_spender"
1474,63,"Average_spender"
1475,72,"High_spender"
1476,61,"Average_spender"
1477,56,"Average_spender"
1478,32,"Low_spender"
1479,23,"Low_spender"
1480,100,"High_spender"
1481,74,"High_spender"
1482,33,"Low_spender"
1483,67,"High_spender"
1484,61,"Average_spender"
1485,46,"Average_spender"
1486,56,"Average_spender"
1487,73,"High_spender"
1488,44,"Average_spender"
1489,44,"Average_spender"
1490,26,"Low_spender"
1491,52,"Average_spender"
1492,54,"Average_spender"
1493,38,"Average_spender"
1494,44,"Average_spender"
1495,76,"High_spender"
1496,23,"Low_spender"
1497,98,"High_spender"
1498,33,"Low_spender"
1499,32,"Low_spender"
1500,85,"High_spender"
1501,69,"High_spender"
1502,55,"Average_spender"
1503,66,"Average_spender"
1504,30,"Low_spender"
1505,80,"High_spender"
1506,20,"Low_spender"
1507,30,"Low_spender"
1508,86,"High_spender"
1509,84,"High_spender"
1510,54,"Average_spender"
1511,30,"Low_spender"
1512,91,"High_spender"
1513,23,"Low_spender"
1514,35,"Average_spender"
1515,90,"High_spender"
1516,93,"High_spender"
1517,68,"High_spender"
1518,41,"Average_spender"
1519,73,"High_spender"
1520,73,"High_spender"
1521,66,"Average_spender"
1522,59,"Average_spender"
1523,72,"High_spender"
1524,88,"High_spender"
1525,76,"High_spender"
1526,31,"Low_spender"
1527,22,"Low_spender"
1528,75,"High_spender"
1529,75,"High_spender"
1530,63,"Average_spender"
1531,21,"Low_spender"
1532,83,"High_spender"
1533,46,"Average_spender"
1534,59,"Average_spender"
1535,66,"Average_spender"
1536,74,"High_spender"
1537,82,"High_spender"
1538,89,"High_spender"
1539,65,"Average_spender"
1540,55,"Average_spender"
1541,95,"High_spender"
1542,77,"High_spender"
1543,44,"Average_spender"
1544,89,"High_spender"
1545,24,"Low_spender"
1546,43,"Average_spender"
1547,51,"Average_spender"
1548,46,"Average_spender"
1549,32,"Low_spender"
1550,55,"Average_spender"
1551,26,"Low_spender"
1552,29,"Low_spender"
1553,49,"Average_spender"
1554,45,"Average_spender"
1555,48,"Average_spender"
1556,47,"Average_spender"
1557,57,"Average_spender"
1558,34,"Average_spender"
1559,75,"High_spender"
1560,94,"High_spender"
1561,84,"High_spender"
1562,38,"Average_spender"
1563,75,"High_spender"
1564,44,"Average_spender"
1565,33,"Low_spender"
1566,93,"High_spender"
1567,99,"High_spender"
1568,33,"Low_spender"
1569,76,"High_spender"
1570,63,"Average_spender"
1571,41,"Average_spender"
1572,88,"High_spender"
1573,92,"High_spender"
1574,31,"Low_spender"
1575,25,"Low_spender"
1576,28,"Low_spender"
1577,75,"High_spender"
1578,34,"Average_spender"
1579,97,"High_spender"
1580,80,"High_spender"
1581,71,"High_spender"
1582,77,"High_spender"
1583,41,"Average_spender"
1584,92,"High_spender"
1585,95,"High_spender"
1586,25,"Low_spender"
1587,77,"High_spender"
1588,99,"High_spender"
1589,24,"Low_spender"
1590,72,"High_spender"
1591,80,"High_spender"
1592,100,"High_spender"
1593,83,"High_spender"
1594,95,"High_spender"
1595,41,"Average_spender"
1596,35,"Average_spender"
1597,30,"Low_spender"
1598,21,"Low_spender"
1599,85,"High_spender"
1600,54,"Average_spender"
1601,26,"Low_spender"
1602,59,"Average_spender"
1603,48,"Average_spender"
1604,98,"High_spender"
1605,92,"High_spender"
1606,46,"Average_spender"
1607,21,"Low_spender"
1608,72,"High_spender"
1609,58,"Average_spender"
1610,93,"High_spender"
1611,31,"Low_spender"
1612,26,"Low_spender"
1613,68,"High_spender"
1614,31,"Low_spender"
1615,41,"Average_spender"
1616,62,"Average_spender"
1617,41,"Average_spender"
1618,64,"Average_spender"
1619,72,"High_spender"
1620,78,"High_spender"
1621,47,"Average_spender"
1622,46,"Average_spender"
1623,43,"Average_spender"
1624,58,"Average_spender"
1625,32,"Low_spender"
1626,45,"Average_spender"
1627,35,"Average_spender"
1628,21,"Low_spender"
1629,64,"Average_spender"
1630,88,"High_spender"
1631,48,"Average_spender"
1632,36,"Average_spender"
1633,28,"Low_spender"
1634,80,"High_spender"
1635,23,"Low_spender"
1636,24,"Low_spender"
1637,22,"Low_spender"
1638,21,"Low_spender"
1639,51,"Average_spender"
1640,65,"Average_spender"
1641,51,"Average_spender"
1642,32,"Low_spender"
1643,70,"High_spender"
1644,77,"High_spender"
1645,90,"High_spender"
1646,36,"Average_spender"
1647,77,"High_spender"
1648,78,"High_spender"
1649,69,"High_spender"
1650,63,"Average_spender"
1651,36,"Average_spender"
1652,80,"High_spender"
1653,35,"Average_spender"
1654,93,"High_spender"
1655,25,"Low_spender"
1656,81,"High_spender"
1657,42,"Average_spender"
1658,36,"Average_spender"
1659,66,"Average_spender"
1660,37,"Average_spender"
1661,45,"Average_spender"
1662,86,"High_spender"
1663,24,"Low_spender"
1664,22,"Low_spender"
1665,53,"Average_spender"
1666,41,"Average_spender"
1667,64,"Average_spender"
1668,40,"Average_spender"
1669,33,"Low_spender"
1670,59,"Average_spender"
1671,73,"High_spender"
1672,22,"Low_spender"
1673,73,"High_spender"
1674,62,"Average_spender"
1675,56,"Average_spender"
1676,90,"High_spender"
1677,44,"Average_spender"
1678,35,"Average_spender"
1679,71,"High_spender"
1680,52,"Average_spender"
1681,37,"Average_spender"
1682,95,"High_spender"
1683,97,"High_spender"
1684,57,"Average_spender"
1685,93,"High_spender"
1686,48,"Average_spender"
1687,75,"High_spender"
1688,70,"High_spender"
1689,26,"Low_spender"
1690,73,"High_spender"
1691,30,"Low_spender"
1692,61,"Average_spender"
1693,75,"High_spender"
1694,88,"High_spender"
1695,67,"High_spender"
1696,95,"High_spender"
1697,69,"High_spender"
1698,87,"High_spender"
1699,41,"Average_spender"
1700,67,"High_spender"
1701,70,"High_spender"
1702,41,"Average_spender"
1703,83,"High_spender"
1704,22,"Low_spender"
1705,20,"Low_spender"
1706,29,"Low_spender"
1707,87,"High_spender"
1708,81,"High_spender"
1709,58,"Average_spender"
1710,83,"High_spender"
1711,59,"Average_spender"
1712,93,"High_spender"
1713,87,"High_spender"
1714,22,"Low_spender"
1715,71,"High_spender"
1716,69,"High_spender"
1717,47,"Average_spender"
1718,50,"Average_spender"
1719,96,"High_spender"
1720,39,"Average_spender"
1721,84,"High_spender"
1722,28,"Low_spender"
1723,51,"Average_spender"
1724,20,"Low_spender"
1725,72,"High_spender"
1726,33,"Low_spender"
1727,28,"Low_spender"
1728,53,"Average_spender"
1729,48,"Average_spender"
1730,21,"Low_spender"
1731,22,"Low_spender"
1732,87,"High_spender"
1733,50,"Average_spender"
1734,85,"High_spender"
1735,98,"High_spender"
1736,34,"Average_spender"
1737,61,"Average_spender"
1738,98,"High_spender"
1739,61,"Average_spender"
1740,98,"High_spender"
1741,21,"Low_spender"
1742,51,"Average_spender"
1743,80,"High_spender"
1744,72,"High_spender"
1745,63,"Average_spender"
1746,27,"Low_spender"
1747,44,"Average_spender"
1748,23,"Low_spender"
1749,93,"High_spender"
1750,70,"High_spender"
1751,85,"High_spender"
1752,40,"Average_spender"
1753,29,"Low_spender"
1754,27,"Low_spender"
1755,93,"High_spender"
1756,20,"Low_spender"
1757,55,"Average_spender"
1758,94,"High_spender"
1759,56,"Average_spender"
1760,58,"Average_spender"
1761,44,"Average_spender"
1762,95,"High_spender"
1763,42,"Average_spender"
1764,93,"High_spender"
1765,56,"Average_spender"
1766,88,"High_spender"
1767,54,"Average_spender"
1768,89,"High_spender"
1769,45,"Average_spender"
1770,75,"High_spender"
1771,22,"Low_spender"
1772,82,"High_spender"
1773,34,"Average_spender"
1774,92,"High_spender"
1775,78,"High_spender"
1776,47,"Average_spender"
1777,64,"Average_spender"
1778,44,"Average_spender"
1779,94,"High_spender"
1780,62,"Average_spender"
1781,81,"High_spender"
1782,33,"Low_spender"
1783,88,"High_spender"
1784,49,"Average_spender"
1785,31,"Low_spender"
1786,29,"Low_spender"
1787,34,"Average_spender"
1788,38,"Average_spender"
1789,41,"Average_spender"
1790,34,"Average_spender"
1791,26,"Low_spender"
1792,98,"High_spender"
1793,59,"Average_spender"
1794,92,"High_spender"
1795,40,"Average_spender"
1796,20,"Low_spender"
1797,35,"Average_spender"
1798,35,"Average_spender"
1799,82,"High_spender"
1800,48,"Average_spender"
1801,58,"Average_spender"
1802,57,"Average_spender"
1803,96,"High_spender"
1804,97,"High_spender"
1805,42,"Average_spender"
1806,62,"Average_spender"
1807,67,"High_spender"
1808,46,"Average_spender"
1809,71,"High_spender"
1810,99,"High_spender"
1811,28,"Low_spender"
1812,77,"High_spender"
1813,63,"Average_spender"
1814,62,"Average_spender"
1815,92,"High_spender"
1816,72,"High_spender"
1817,79,"High_spender"
1818,27,"Low_spender"
1819,39,"Average_spender"
1820,86,"High_spender"
1821,94,"High_spender"
1822,53,"Average_spender"
1823,85,"High_spender"
1824,50,"Average_spender"
1825,47,"Average_spender"
1826,75,"High_spender"
1827,60,"Average_spender"
1828,36,"Average_spender"
1829,80,"High_spender"
1830,96,"High_spender"
1831,80,"High_spender"
1832,71,"High_spender"
1833,29,"Low_spender"
1834,53,"Average_spender"
1835,35,"Average_spender"
1836,75,"High_spender"
1837,52,"Average_spender"
1838,77,"High_spender"
1839,24,"Low_spender"
1840,78,"High_spender"
1841,98,"High_spender"
1842,57,"Average_spender"
1843,78,"High_spender"
1844,76,"High_spender"
1845,26,"Low_spender"
1846,78,"High_spender"
1847,53,"Average_spender"
1848,100,"High_spender"
1849,73,"High_spender"
1850,40,"Average_spender"
1851,76,"High_spender"
1852,80,"High_spender"
1853,80,"High_spender"
1854,67,"High_spender"
1855,61,"Average_spender"
1856,76,"High_spender"
1857,55,"Average_spender"
1858,85,"High_spender"
1859,69,"High_spender"
1860,26,"Low_spender"
1861,64,"Average_spender"
1862,60,"Average_spender"
1863,36,"Average_spender"
1864,21,"Low_spender"
1865,72,"High_spender"
1866,62,"Average_spender"
1867,44,"Average_spender"
1868,52,"Average_spender"
1869,58,"Average_spender"
1870,77,"High_spender"
1871,99,"High_spender"
1872,96,"High_spender"
1873,64,"Average_spender"
1874,44,"Average_spender"
1875,33,"Low_spender"
1876,71,"High_spender"
1877,36,"Average_spender"
1878,62,"Average_spender"
1879,29,"Low_spender"
1880,33,"Low_spender"
1881,33,"Low_spender"
1882,41,"Average_spender"
1883,54,"Average_spender"
1884,58,"Average_spender"
1885,30,"Low_spender"
1886,53,"Average_spender"
1887,91,"High_spender"
1888,44,"Average_spender"
1889,89,"High_spender"
1890,57,"Average_spender"
1891,57,"Average_spender"
1892,74,"High_spender"
1893,30,"Low_spender"
1894,20,"Low_spender"
1895,90,"High_spender"
1896,61,"Average_spender"
1897,51,"Average_spender"
1898,97,"High_spender"
1899,97,"High_spender"
1900,40,"Average_spender"
1901,85,"High_spender"
1902,76,"High_spender"
1903,22,"Low_spender"
1904,63,"Average_spender"
1905,71,"High_spender"
1906,35,"Average_spender"
1907,30,"Low_spender"
1908,74,"High_spender"
1909,71,"High_spender"
1910,84,"High_spender"
1911,38,"Average_spender"
1912,81,"High_spender"
1913,56,"Average_spender"
1914,48,"Average_spender"
1915,97,"High_spender"
1916,74,"High_spender"
1917,50,"Average_spender"
1918,71,"High_spender"
1919,33,"Low_spender"
1920,56,"Average_spender"
1921,84,"High_spender"
1922,36,"Average_spender"
1923,63,"Average_spender"
1924,36,"Average_spender"
1925,63,"Average_spender"
1926,32,"Low_spender"
1927,93,"High_spender"
1928,29,"Low_spender"
1929,92,"High_spender"
1930,33,"Low_spender"
1931,52,"Average_spender"
1932,42,"Average_spender"
1933,36,"Average_spender"
1934,67,"High_spender"
1935,43,"Average_spender"
1936,68,"High_spender"
1937,60,"Average_spender"
1938,53,"Average_spender"
1939,23,"Low_spender"
1940,57,"Average_spender"
1941,89,"High_spender"
1942,99,"High_spender"
1943,28,"Low_spender"
1944,53,"Average_spender"
1945,45,"Average_spender"
1946,38,"Average_spender"
1947,49,"Average_spender"
1948,32,"Low_spender"
1949,37,"Average_spender"
1950,80,"High_spender"
1951,78,"High_spender"
1952,53,"Average_spender"
1953,82,"High_spender"
1954,33,"Low_spender"
1955,77,"High_spender"
1956,56,"Average_spender"
1957,37,"Average_spender"
1958,54,"Average_spender"
1959,67,"High_spender"
1960,90,"High_spender"
1961,72,"High_spender"
1962,59,"Average_spender"
1963,45,"Average_spender"
1964,30,"Low_spender"
1965,51,"Average_spender"
1966,90,"High_spender"
1967,95,"High_spender"
1968,81,"High_spender"
1969,70,"High_spender"
1970,32,"Low_spender"
1971,94,"High_spender"
1972,29,"Low_spender"
1973,31,"Low_spender"
1974,20,"Low_spender"
1975,44,"Average_spender"
1976,77,"High_spender"
1977,51,"Average_spender"
1978,49,"Average_spender"
1979,78,"High_spender"
1980,98,"High_spender"
1981,94,"High_spender"
1982,91,"High_spender"
1983,77,"High_spender"
1984,97,"High_spender"
1985,58,"Average_spender"
1986,97,"High_spender"
1987,48,"Average_spender"
1988,23,"Low_spender"
1989,79,"High_spender"
1990,42,"Average_spender"
1991,95,"High_spender"
1992,29,"Low_spender"
1993,98,"High_spender"
1994,96,"High_spender"
1995,66,"Average_spender"
1996,80,"High_spender"
1997,27,"Low_spender"
1998,25,"Low_spender"
1999,45,"Average_spender"
2000,89,"High_spender"
2001,27,"Low_spender"
2002,90,"High_spender"
2003,65,"Average_spender"
2004,72,"High_spender"
2005,70,"High_spender"
2006,82,"High_spender"
2007,97,"High_spender"
2008,25,"Low_spender"
2009,48,"Average_spender"
2010,99,"High_spender"
2011,21,"Low_spender"
2012,94,"High_spender"
2013,53,"Average_spender"
2014,70,"High_spender"
2015,26,"Low_spender"
2016,82,"High_spender"
2017,47,"Average_spender"
2018,32,"Low_spender"
2019,97,"High_spender"
2020,68,"High_spender"
2021,23,"Low_spender"
2022,33,"Low_spender"
2023,38,"Average_spender"
2024,68,"High_spender"
2025,23,"Low_spender"
2026,29,"Low_spender"
2027,35,"Average_spender"
2028,73,"High_spender"
2029,84,"High_spender"
2030,23,"Low_spender"
2031,67,"High_spender"
2032,51,"Average_spender"
2033,36,"Average_spender"
2034,55,"Average_spender"
2035,30,"Low_spender"
2036,70,"High_spender"
2037,63,"Average_spender"
2038,87,"High_spender"
2039,70,"High_spender"
2040,51,"Average_spender"
2041,25,"Low_spender"
2042,32,"Low_spender"
2043,52,"Average_spender"
2044,33,"Low_spender"
2045,68,"High_spender"
2046,20,"Low_spender"
2047,32,"Low_spender"
2048,82,"High_spender"
2049,64,"Average_spender"
2050,24,"Low_spender"
2051,96,"High_spender"
2052,94,"High_spender"
2053,48,"Average_spender"
2054,60,"Average_spender"
2055,56,"Average_spender"
2056,33,"Low_spender"
2057,46,"Average_spender"
2058,37,"Average_spender"
2059,98,"High_spender"
2060,50,"Average_spender"
2061,63,"Average_spender"
2062,70,"High_spender"
2063,63,"Average_spender"
2064,86,"High_spender"
2065,99,"High_spender"
2066,40,"Average_spender"
2067,92,"High_spender"
2068,21,"Low_spender"
2069,81,"High_spender"
2070,82,"High_spender"
2071,88,"High_spender"
2072,100,"High_spender"
2073,66,"Average_spender"
2074,25,"Low_spender"
2075,53,"Average_spender"
2076,28,"Low_spender"
2077,23,"Low_spender"
2078,34,"Average_spender"
2079,42,"Average_spender"
2080,24,"Low_spender"
2081,47,"Average_spender"
2082,78,"High_spender"
2083,89,"High_spender"
2084,59,"Average_spender"
2085,94,"High_spender"
2086,49,"Average_spender"
2087,89,"High_spender"
2088,91,"High_spender"
2089,89,"High_spender"
2090,57,"Average_spender"
2091,71,"High_spender"
2092,97,"High_spender"
2093,45,"Average_spender"
2094,91,"High_spender"
2095,25,"Low_spender"
2096,63,"Average_spender"
2097,52,"Average_spender"
2098,43,"Average_spender"
2099,28,"Low_spender"
2100,78,"High_spender"
2101,31,"Low_spender"
2102,23,"Low_spender"
2103,25,"Low_spender"
2104,86,"High_spender"
2105,88,"High_spender"
2106,35,"Average_spender"
2107,34,"Average_spender"
2108,75,"High_spender"
2109,46,"Average_spender"
2110,31,"Low_spender"
2111,93,"High_spender"
2112,85,"High_spender"
2113,68,"High_spender"
2114,40,"Average_spender"
2115,51,"Average_spender"
2116,85,"High_spender"
2117,23,"Low_spender"
2118,28,"Low_spender"
2119,44,"Average_spender"
2120,57,"Average_spender"
2121,98,"High_spender"
2122,68,"High_spender"
2123,36,"Average_spender"
2124,71,"High_spender"
2125,60,"Average_spender"
2126,87,"High_spender"
2127,38,"Average_spender"
2128,45,"Average_spender"
2129,47,"Average_spender"
2130,57,"Average_spender"
2131,68,"High_spender"
2132,52,"Average_spender"
2133,87,"High_spender"
2134,34,"Average_spender"
2135,41,"Average_spender"
2136,94,"High_spender"
2137,93,"High_spender"
2138,51,"Average_spender"
2139,42,"Average_spender"
2140,95,"High_spender"
2141,90,"High_spender"
2142,98,"High_spender"
2143,39,"Average_spender"
2144,66,"Average_spender"
2145,23,"Low_spender"
2146,73,"High_spender"
2147,23,"Low_spender"
2148,43,"Average_spender"
2149,45,"Average_spender"
2150,21,"Low_spender"
2151,40,"Average_spender"
2152,58,"Average_spender"
2153,48,"Average_spender"
2154,94,"High_spender"
2155,74,"High_spender"
2156,51,"Average_spender"
2157,83,"High_spender"
2158,68,"High_spender"
2159,84,"High_spender"
2160,58,"Average_spender"
2161,92,"High_spender"
2162,69,"High_spender"
2163,48,"Average_spender"
2164,60,"Average_spender"
2165,20,"Low_spender"
2166,55,"Average_spender"
2167,88,"High_spender"
2168,48,"Average_spender"
2169,74,"High_spender"
2170,42,"Average_spender"
2171,32,"Low_spender"
2172,98,"High_spender"
2173,89,"High_spender"
2174,97,"High_spender"
2175,49,"Average_spender"
2176,50,"Average_spender"
2177,91,"High_spender"
2178,93,"High_spender"
2179,98,"High_spender"
2180,82,"High_spender"
2181,37,"Average_spender"
2182,63,"Average_spender"
2183,99,"High_spender"
2184,37,"Average_spender"
2185,34,"Average_spender"
2186,32,"Low_spender"
2187,23,"Low_spender"
2188,78,"High_spender"
2189,54,"Average_spender"
2190,94,"High_spender"
2191,75,"High_spender"
2192,69,"High_spender"
2193,35,"Average_spender"
2194,78,"High_spender"
2195,29,"Low_spender"
2196,62,"Average_spender"
2197,58,"Average_spender"
2198,88,"High_spender"
2199,80,"High_spender"
2200,47,"Average_spender"
2201,51,"Average_spender"
2202,25,"Low_spender"
2203,36,"Average_spender"
2204,79,"High_spender"
2205,41,"Average_spender"
2206,68,"High_spender"
2207,51,"Average_spender"
2208,38,"Average_spender"
2209,46,"Average_spender"
2210,20,"Low_spender"
2211,25,"Low_spender"
2212,89,"High_spender"
2213,77,"High_spender"
2214,94,"High_spender"
2215,100,"High_spender"
2216,96,"High_spender"
2217,36,"Average_spender"
2218,27,"Low_spender"
2219,67,"High_spender"
2220,91,"High_spender"
2221,62,"Average_spender"
2222,88,"High_spender"
2223,66,"Average_spender"
2224,65,"Average_spender"
2225,25,"Low_spender"
2226,64,"Average_spender"
2227,72,"High_spender"
2228,74,"High_spender"
2229,50,"Average_spender"
2230,97,"High_spender"
2231,36,"Average_spender"
2232,49,"Average_spender"
2233,64,"Average_spender"
2234,31,"Low_spender"
2235,66,"Average_spender"
2236,82,"High_spender"
2237,88,"High_spender"
2238,34,"Average_spender"
2239,84,"High_spender"
2240,96,"High_spender"
2241,71,"High_spender"
2242,77,"High_spender"
2243,66,"Average_spender"
2244,21,"Low_spender"
2245,37,"Average_spender"
2246,90,"High_spender"
2247,96,"High_spender"
2248,37,"Average_spender"
2249,66,"Average_spender"
2250,45,"Average_spender"
2251,89,"High_spender"
2252,94,"High_spender"
2253,96,"High_spender"
2254,31,"Low_spender"
2255,79,"High_spender"
2256,39,"Average_spender"
2257,22,"Low_spender"
2258,32,"Low_spender"
2259,71,"High_spender"
2260,96,"High_spender"
2261,82,"High_spender"
2262,76,"High_spender"
2263,22,"Low_spender"
2264,40,"Average_spender"
2265,92,"High_spender"
2266,94,"High_spender"
2267,44,"Average_spender"
2268,49,"Average_spender"
2269,26,"Low_spender"
2270,38,"Average_spender"
2271,72,"High_spender"
2272,99,"High_spender"
2273,38,"Average_spender"
2274,96,"High_spender"
2275,27,"Low_spender"
2276,24,"Low_spender"
2277,82,"High_spender"
2278,56,"Average_spender"
2279,25,"Low_spender"
2280,67,"High_spender"
2281,21,"Low_spender"
2282,27,"Low_spender"
2283,97,"High_spender"
2284,45,"Average_spender"
2285,63,"Average_spender"
2286,100,"High_spender"
2287,38,"Average_spender"
2288,45,"Average_spender"
2289,91,"High_spender"
2290,82,"High_spender"
2291,48,"Average_spender"
2292,30,"Low_spender"
2293,34,"Average_spender"
2294,68,"High_spender"
2295,95,"High_spender"
2296,22,"Low_spender"
2297,88,"High_spender"
2298,83,"High_spender"
2299,87,"High_spender"
2300,57,"Average_spender"
2301,88,"High_spender"
2302,20,"Low_spender"
2303,39,"Average_spender"
2304,71,"High_spender"
2305,73,"High_spender"
2306,63,"Average_spender"
2307,78,"High_spender"
2308,96,"High_spender"
2309,81,"High_spender"
2310,95,"High_spender"
2311,68,"High_spender"
2312,28,"Low_spender"
2313,30,"Low_spender"
2314,31,"Low_spender"
2315,95,"High_spender"
2316,79,"High_spender"
2317,39,"Average_spender"
2318,34,"Average_spender"
2319,28,"Low_spender"
2320,38,"Average_spender"
2321,55,"Average_spender"
2322,31,"Low_spender"
2323,84,"High_spender"
2324,93,"High_spender"
2325,28,"Low_spender"
2326,55,"Average_spender"
2327,63,"Average_spender"
2328,94,"High_spender"
2329,36,"Average_spender"
2330,97,"High_spender"
2331,63,"Average_spender"
2332,77,"High_spender"
2333,53,"Average_spender"
2334,77,"High_spender"
2335,79,"High_spender"
2336,37,"Average_spender"
2337,94,"High_spender"
2338,76,"High_spender"
2339,68,"High_spender"
2340,65,"Average_spender"
2341,24,"Low_spender"
2342,31,"Low_spender"
2343,89,"High_spender"
2344,49,"Average_spender"
2345,92,"High_spender"
2346,32,"Low_spender"
2347,67,"High_spender"
2348,64,"Average_spender"
2349,84,"High_spender"
2350,34,"Average_spender"
2351,26,"Low_spender"
2352,50,"Average_spender"
2353,46,"Average_spender"
2354,71,"High_spender"
2355,78,"High_spender"
2356,35,"Average_spender"
2357,58,"Average_spender"
2358,67,"High_spender"
2359,93,"High_spender"
2360,81,"High_spender"
2361,80,"High_spender"
2362,64,"Average_spender"
2363,41,"Average_spender"
2364,79,"High_spender"
2365,60,"Average_spender"
2366,91,"High_spender"
2367,66,"Average_spender"
2368,85,"High_spender"
2369,38,"Average_spender"
2370,23,"Low_spender"
2371,71,"High_spender"
2372,25,"Low_spender"
2373,39,"Average_spender"
2374,20,"Low_spender"
2375,73,"High_spender"
2376,63,"Average_spender"
2377,94,"High_spender"
2378,94,"High_spender"
2379,71,"High_spender"
2380,77,"High_spender"
2381,66,"Average_spender"
2382,23,"Low_spender"
2383,60,"Average_spender"
2384,72,"High_spender"
2385,35,"Average_spender"
2386,31,"Low_spender"
2387,33,"Low_spender"
2388,95,"High_spender"
2389,68,"High_spender"
2390,87,"High_spender"
2391,64,"Average_spender"
2392,74,"High_spender"
2393,62,"Average_spender"
2394,97,"High_spender"
2395,47,"Average_spender"
2396,83,"High_spender"
2397,82,"High_spender"
2398,26,"Low_spender"
2399,81,"High_spender"
2400,44,"Average_spender"
2401,88,"High_spender"
2402,76,"High_spender"
2403,89,"High_spender"
2404,22,"Low_spender"
2405,33,"Low_spender"
2406,97,"High_spender"
2407,57,"Average_spender"
2408,38,"Average_spender"
2409,55,"Average_spender"
2410,37,"Average_spender"
2411,43,"Average_spender"
2412,96,"High_spender"
2413,51,"Average_spender"
2414,95,"High_spender"
2415,26,"Low_spender"
2416,34,"Average_spender"
2417,83,"High_spender"
2418,24,"Low_spender"
2419,69,"High_spender"
2420,40,"Average_spender"
2421,87,"High_spender"
2422,46,"Average_spender"
2423,82,"High_spender"
2424,81,"High_spender"
2425,57,"Average_spender"
2426,49,"Average_spender"
2427,42,"Average_spender"
2428,26,"Low_spender"
2429,38,"Average_spender"
2430,57,"Average_spender"
2431,100,"High_spender"
2432,73,"High_spender"
2433,66,"Average_spender"
2434,73,"High_spender"
2435,45,"Average_spender"
2436,27,"Low_spender"
2437,24,"Low_spender"
2438,59,"Average_spender"
2439,20,"Low_spender"
2440,44,"Average_spender"
2441,90,"High_spender"
2442,36,"Average_spender"
2443,95,"High_spender"
2444,30,"Low_spender"
2445,65,"Average_spender"
2446,96,"High_spender"
2447,65,"Average_spender"
2448,47,"Average_spender"
2449,25,"Low_spender"
2450,56,"Average_spender"
2451,76,"High_spender"
2452,60,"Average_spender"
2453,67,"High_spender"
2454,95,"High_spender"
2455,72,"High_spender"
2456,98,"High_spender"
2457,83,"High_spender"
2458,37,"Average_spender"
2459,85,"High_spender"
2460,36,"Average_spender"
2461,36,"Average_spender"
2462,86,"High_spender"
2463,99,"High_spender"
2464,21,"Low_spender"
2465,84,"High_spender"
2466,63,"Average_spender"
2467,84,"High_spender"
2468,72,"High_spender"
2469,21,"Low_spender"
2470,92,"High_spender"
2471,72,"High_spender"
2472,83,"High_spender"
2473,73,"High_spender"
2474,98,"High_spender"
2475,76,"High_spender"
2476,43,"Average_spender"
2477,60,"Average_spender"
2478,40,"Average_spender"
2479,93,"High_spender"
2480,98,"High_spender"
2481,91,"High_spender"
2482,92,"High_spender"
2483,87,"High_spender"
2484,96,"High_spender"
2485,97,"High_spender"
2486,55,"Average_spender"
2487,58,"Average_spender"
2488,21,"Low_spender"
2489,82,"High_spender"
2490,34,"Average_spender"
2491,78,"High_spender"
2492,47,"Average_spender"
2493,96,"High_spender"
2494,23,"Low_spender"
2495,27,"Low_spender"
2496,37,"Average_spender"
2497,79,"High_spender"
2498,40,"Average_spender"
2499,39,"Average_spender"
2500,73,"High_spender"
2501,84,"High_spender"
2502,94,"High_spender"
2503,47,"Average_spender"
2504,77,"High_spender"
2505,94,"High_spender"
2506,75,"High_spender"
2507,82,"High_spender"
2508,36,"Average_spender"
2509,90,"High_spender"
2510,48,"Average_spender"
2511,42,"Average_spender"
2512,33,"Low_spender"
2513,63,"Average_spender"
2514,53,"Average_spender"
2515,37,"Average_spender"
2516,92,"High_spender"
2517,73,"High_spender"
2518,38,"Average_spender"
2519,51,"Average_spender"
2520,90,"High_spender"
2521,56,"Average_spender"
2522,33,"Low_spender"
2523,53,"Average_spender"
2524,24,"Low_spender"
2525,59,"Average_spender"
2526,72,"High_spender"
2527,28,"Low_spender"
2528,36,"Average_spender"
2529,47,"Average_spender"
2530,62,"Average_spender"
2531,98,"High_spender"
2532,28,"Low_spender"
2533,86,"High_spender"
2534,46,"Average_spender"
2535,42,"Average_spender"
2536,80,"High_spender"
2537,39,"Average_spender"
2538,49,"Average_spender"
2539,32,"Low_spender"
2540,73,"High_spender"
2541,42,"Average_spender"
2542,58,"Average_spender"
2543,22,"Low_spender"
2544,56,"Average_spender"
2545,70,"High_spender"
2546,50,"Average_spender"
2547,21,"Low_spender"
2548,97,"High_spender"
2549,63,"Average_spender"
2550,60,"Average_spender"
2551,52,"Average_spender"
2552,32,"Low_spender"
2553,48,"Average_spender"
2554,25,"Low_spender"
2555,68,"High_spender"
2556,74,"High_spender"
2557,88,"High_spender"
2558,23,"Low_spender"
2559,32,"Low_spender"
2560,71,"High_spender"
2561,62,"Average_spender"
2562,20,"Low_spender"
2563,62,"Average_spender"
2564,81,"High_spender"
2565,90,"High_spender"
2566,43,"Average_spender"
2567,38,"Average_spender"
2568,25,"Low_spender"
2569,98,"High_spender"
2570,75,"High_spender"
2571,27,"Low_spender"
2572,27,"Low_spender"
2573,42,"Average_spender"
2574,90,"High_spender"
2575,63,"Average_spender"
2576,96,"High_spender"
2577,40,"Average_spender"
2578,39,"Average_spender"
2579,48,"Average_spender"
2580,20,"Low_spender"
2581,29,"Low_spender"
2582,81,"High_spender"
2583,98,"High_spender"
2584,93,"High_spender"
2585,30,"Low_spender"
2586,37,"Average_spender"
2587,28,"Low_spender"
2588,29,"Low_spender"
2589,49,"Average_spender"
2590,53,"Average_spender"
2591,66,"Average_spender"
2592,61,"Average_spender"
2593,23,"Low_spender"
2594,36,"Average_spender"
2595,81,"High_spender"
2596,56,"Average_spender"
2597,78,"High_spender"
2598,25,"Low_spender"
2599,86,"High_spender"
2600,99,"High_spender"
2601,83,"High_spender"
2602,33,"Low_spender"
2603,44,"Average_spender"
2604,58,"Average_spender"
2605,54,"Average_spender"
2606,93,"High_spender"
2607,98,"High_spender"
2608,36,"Average_spender"
2609,68,"High_spender"
2610,95,"High_spender"
2611,93,"High_spender"
2612,99,"High_spender"
2613,22,"Low_spender"
2614,88,"High_spender"
2615,65,"Average_spender"
2616,62,"Average_spender"
2617,55,"Average_spender"
2618,97,"High_spender"
2619,77,"High_spender"
2620,40,"Average_spender"
2621,23,"Low_spender"
2622,46,"Average_spender"
2623,75,"High_spender"
2624,76,"High_spender"
2625,59,"Average_spender"
2626,51,"Average_spender"
2627,46,"Average_spender"
2628,26,"Low_spender"
2629,51,"Average_spender"
2630,44,"Average_spender"
2631,82,"High_spender"
2632,44,"Average_spender"
2633,27,"Low_spender"
2634,90,"High_spender"
2635,58,"Average_spender"
2636,80,"High_spender"
2637,40,"Average_spender"
2638,23,"Low_spender"
2639,34,"Average_spender"
2640,35,"Average_spender"
2641,75,"High_spender"
2642,60,"Average_spender"
2643,87,"High_spender"
2644,41,"Average_spender"
2645,83,"High_spender"
2646,81,"High_spender"
2647,56,"Average_spender"
2648,58,"Average_spender"
2649,84,"High_spender"
2650,21,"Low_spender"
2651,35,"Average_spender"
2652,43,"Average_spender"
2653,20,"Low_spender"
2654,36,"Average_spender"
2655,70,"High_spender"
2656,83,"High_spender"
2657,76,"High_spender"
2658,81,"High_spender"
2659,47,"Average_spender"
2660,35,"Average_spender"
2661,85,"High_spender"
2662,96,"High_spender"
2663,98,"High_spender"
2664,52,"Average_spender"
2665,84,"High_spender"
2666,71,"High_spender"
2667,95,"High_spender"
2668,47,"Average_spender"
2669,75,"High_spender"
2670,28,"Low_spender"
2671,44,"Average_spender"
2672,64,"Average_spender"
2673,28,"Low_spender"
2674,21,"Low_spender"
2675,41,"Average_spender"
2676,38,"Average_spender"
2677,77,"High_spender"
2678,43,"Average_spender"
2679,91,"High_spender"
2680,68,"High_spender"
2681,37,"Average_spender"
2682,23,"Low_spender"
2683,65,"Average_spender"
2684,30,"Low_spender"
2685,45,"Average_spender"
2686,25,"Low_spender"
2687,72,"High_spender"
2688,75,"High_spender"
2689,63,"Average_spender"
2690,35,"Average_spender"
2691,32,"Low_spender"
2692,25,"Low_spender"
2693,90,"High_spender"
2694,70,"High_spender"
2695,27,"Low_spender"
2696,92,"High_spender"
2697,20,"Low_spender"
2698,52,"Average_spender"
2699,57,"Average_spender"
2700,96,"High_spender"
2701,68,"High_spender"
2702,30,"Low_spender"
2703,37,"Average_spender"
2704,42,"Average_spender"
2705,54,"Average_spender"
2706,81,"High_spender"
2707,40,"Average_spender"
2708,88,"High_spender"
2709,94,"High_spender"
2710,54,"Average_spender"
2711,51,"Average_spender"
2712,22,"Low_spender"
2713,95,"High_spender"
2714,57,"Average_spender"
2715,45,"Average_spender"
2716,92,"High_spender"
2717,40,"Average_spender"
2718,62,"Average_spender"
2719,90,"High_spender"
2720,82,"High_spender"
2721,52,"Average_spender"
2722,70,"High_spender"
2723,83,"High_spender"
2724,49,"Average_spender"
2725,91,"High_spender"
2726,99,"High_spender"
2727,92,"High_spender"
2728,87,"High_spender"
2729,28,"Low_spender"
2730,71,"High_spender"
2731,32,"Low_spender"
2732,33,"Low_spender"
2733,75,"High_spender"
2734,83,"High_spender"
2735,93,"High_spender"
2736,29,"Low_spender"
2737,25,"Low_spender"
2738,76,"High_spender"
2739,81,"High_spender"
2740,80,"High_spender"
2741,70,"High_spender"
2742,81,"High_spender"
2743,86,"High_spender"
2744,94,"High_spender"
2745,66,"Average_spender"
2746,98,"High_spender"
2747,25,"Low_spender"
2748,62,"Average_spender"
2749,98,"High_spender"
2750,53,"Average_spender"
2751,66,"Average_spender"
2752,52,"Average_spender"
2753,64,"Average_spender"
2754,59,"Average_spender"
2755,61,"Average_spender"
2756,97,"High_spender"
2757,23,"Low_spender"
2758,98,"High_spender"
2759,98,"High_spender"
2760,59,"Average_spender"
2761,82,"High_spender"
2762,82,"High_spender"
2763,41,"Average_spender"
2764,52,"Average_spender"
2765,41,"Average_spender"
2766,70,"High_spender"
2767,91,"High_spender"
2768,95,"High_spender"
2769,25,"Low_spender"
2770,89,"High_spender"
2771,44,"Average_spender"
2772,52,"Average_spender"
2773,94,"High_spender"
2774,98,"High_spender"
2775,40,"Average_spender"
2776,25,"Low_spender"
2777,62,"Average_spender"
2778,24,"Low_spender"
2779,57,"Average_spender"
2780,66,"Average_spender"
2781,70,"High_spender"
2782,39,"Average_spender"
2783,34,"Average_spender"
2784,38,"Average_spender"
2785,70,"High_spender"
2786,80,"High_spender"
2787,51,"Average_spender"
2788,79,"High_spender"
2789,92,"High_spender"
2790,85,"High_spender"
2791,63,"Average_spender"
2792,60,"Average_spender"
2793,44,"Average_spender"
2794,57,"Average_spender"
2795,24,"Low_spender"
2796,35,"Average_spender"
2797,73,"High_spender"
2798,42,"Average_spender"
2799,20,"Low_spender"
2800,89,"High_spender"
2801,76,"High_spender"
2802,56,"Average_spender"
2803,100,"High_spender"
2804,44,"Average_spender"
2805,76,"High_spender"
2806,97,"High_spender"
2807,39,"Average_spender"
2808,100,"High_spender"
2809,62,"Average_spender"
2810,98,"High_spender"
2811,31,"Low_spender"
2812,89,"High_spender"
2813,91,"High_spender"
2814,50,"Average_spender"
2815,32,"Low_spender"
2816,67,"High_spender"
2817,28,"Low_spender"
2818,65,"Average_spender"
2819,73,"High_spender"
2820,27,"Low_spender"
2821,89,"High_spender"
2822,72,"High_spender"
2823,37,"Average_spender"
2824,63,"Average_spender"
2825,90,"High_spender"
2826,62,"Average_spender"
2827,43,"Average_spender"
2828,96,"High_spender"
2829,83,"High_spender"
2830,67,"High_spender"
2831,90,"High_spender"
2832,53,"Average_spender"
2833,37,"Average_spender"
2834,56,"Average_spender"
2835,43,"Average_spender"
2836,84,"High_spender"
2837,50,"Average_spender"
2838,88,"High_spender"
2839,50,"Average_spender"
2840,80,"High_spender"
2841,47,"Average_spender"
2842,33,"Low_spender"
2843,100,"High_spender"
2844,26,"Low_spender"
2845,79,"High_spender"
2846,77,"High_spender"
2847,36,"Average_spender"
2848,21,"Low_spender"
2849,72,"High_spender"
2850,25,"Low_spender"
2851,79,"High_spender"
2852,73,"High_spender"
2853,71,"High_spender"
2854,48,"Average_spender"
2855,28,"Low_spender"
2856,95,"High_spender"
2857,48,"Average_spender"
2858,93,"High_spender"
2859,87,"High_spender"
2860,32,"Low_spender"
2861,38,"Average_spender"
2862,54,"Average_spender"
2863,75,"High_spender"
2864,56,"Average_spender"
2865,43,"Average_spender"
2866,97,"High_spender"
2867,75,"High_spender"
2868,55,"Average_spender"
2869,49,"Average_spender"
2870,58,"Average_spender"
2871,34,"Average_spender"
2872,43,"Average_spender"
2873,48,"Average_spender"
2874,40,"Average_spender"
2875,29,"Low_spender"
2876,81,"High_spender"
2877,84,"High_spender"
2878,46,"Average_spender"
2879,86,"High_spender"
2880,57,"Average_spender"
2881,61,"Average_spender"
2882,90,"High_spender"
2883,51,"Average_spender"
2884,48,"Average_spender"
2885,50,"Average_spender"
2886,82,"High_spender"
2887,33,"Low_spender"
2888,28,"Low_spender"
2889,42,"Average_spender"
2890,43,"Average_spender"
2891,55,"Average_spender"
2892,73,"High_spender"
2893,39,"Average_spender"
2894,20,"Low_spender"
2895,32,"Low_spender"
2896,86,"High_spender"
2897,91,"High_spender"
2898,59,"Average_spender"
2899,33,"Low_spender"
2900,64,"Average_spender"
2901,67,"High_spender"
2902,43,"Average_spender"
2903,32,"Low_spender"
2904,39,"Average_spender"
2905,41,"Average_spender"
2906,53,"Average_spender"
2907,27,"Low_spender"
2908,82,"High_spender"
2909,87,"High_spender"
2910,78,"High_spender"
2911,32,"Low_spender"
2912,38,"Average_spender"
2913,37,"Average_spender"
2914,83,"High_spender"
2915,72,"High_spender"
2916,30,"Low_spender"
2917,66,"Average_spender"
2918,45,"Average_spender"
2919,73,"High_spender"
2920,67,"High_spender"
2921,72,"High_spender"
2922,24,"Low_spender"
2923,68,"High_spender"
2924,70,"High_spender"
2925,64,"Average_spender"
2926,91,"High_spender"
2927,82,"High_spender"
2928,24,"Low_spender"
2929,80,"High_spender"
2930,53,"Average_spender"
2931,50,"Average_spender"
2932,31,"Low_spender"
2933,88,"High_spender"
2934,52,"Average_spender"
2935,22,"Low_spender"
2936,27,"Low_spender"
2937,34,"Average_spender"
2938,39,"Average_spender"
2939,53,"Average_spender"
2940,46,"Average_spender"
2941,85,"High_spender"
2942,86,"High_spender"
2943,63,"Average_spender"
2944,44,"Average_spender"
2945,95,"High_spender"
2946,49,"Average_spender"
2947,77,"High_spender"
2948,63,"Average_spender"
2949,83,"High_spender"
2950,93,"High_spender"
2951,91,"High_spender"
2952,99,"High_spender"
2953,24,"Low_spender"
2954,82,"High_spender"
2955,28,"Low_spender"
2956,67,"High_spender"
2957,88,"High_spender"
2958,70,"High_spender"
2959,100,"High_spender"
2960,28,"Low_spender"
2961,48,"Average_spender"
2962,43,"Average_spender"
2963,40,"Average_spender"
2964,97,"High_spender"
2965,25,"Low_spender"
2966,45,"Average_spender"
2967,49,"Average_spender"
2968,36,"Average_spender"
2969,48,"Average_spender"
2970,62,"Average_spender"
2971,74,"High_spender"
2972,100,"High_spender"
2973,39,"Average_spender"
2974,65,"Average_spender"
2975,99,"High_spender"
2976,68,"High_spender"
2977,97,"High_spender"
2978,47,"Average_spender"
2979,56,"Average_spender"
2980,91,"High_spender"
2981,93,"High_spender"
2982,36,"Average_spender"
2983,45,"Average_spender"
2984,44,"Average_spender"
2985,32,"Low_spender"
2986,36,"Average_spender"
2987,85,"High_spender"
2988,36,"Average_spender"
2989,55,"Average_spender"
2990,20,"Low_spender"
2991,91,"High_spender"
2992,71,"High_spender"
2993,64,"Average_spender"
2994,21,"Low_spender"
2995,100,"High_spender"
2996,96,"High_spender"
2997,91,"High_spender"
2998,40,"Average_spender"
2999,53,"Average_spender"
3000,48,"Average_spender"
3001,70,"High_spender"
3002,29,"Low_spender"
3003,29,"Low_spender"
3004,53,"Average_spender"
3005,79,"High_spender"
3006,65,"Average_spender"
3007,99,"High_spender"
3008,60,"Average_spender"
3009,86,"High_spender"
3010,73,"High_spender"
3011,45,"Average_spender"
3012,70,"High_spender"
3013,65,"Average_spender"
3014,55,"Average_spender"
3015,65,"Average_spender"
3016,21,"Low_spender"
3017,26,"Low_spender"
3018,71,"High_spender"
3019,41,"Average_spender"
3020,44,"Average_spender"
3021,81,"High_spender"
3022,77,"High_spender"
3023,26,"Low_spender"
3024,31,"Low_spender"
3025,82,"High_spender"
3026,60,"Average_spender"
3027,70,"High_spender"
3028,26,"Low_spender"
3029,100,"High_spender"
3030,82,"High_spender"
3031,24,"Low_spender"
3032,74,"High_spender"
3033,58,"Average_spender"
3034,56,"Average_spender"
3035,37,"Average_spender"
3036,64,"Average_spender"
3037,58,"Average_spender"
3038,44,"Average_spender"
3039,39,"Average_spender"
3040,48,"Average_spender"
3041,32,"Low_spender"
3042,79,"High_spender"
3043,27,"Low_spender"
3044,98,"High_spender"
3045,67,"High_spender"
3046,37,"Average_spender"
3047,49,"Average_spender"
3048,74,"High_spender"
3049,93,"High_spender"
3050,60,"Average_spender"
3051,76,"High_spender"
3052,64,"Average_spender"
3053,38,"Average_spender"
3054,91,"High_spender"
3055,70,"High_spender"
3056,22,"Low_spender"
3057,59,"Average_spender"
3058,22,"Low_spender"
3059,74,"High_spender"
3060,71,"High_spender"
3061,80,"High_spender"
3062,59,"Average_spender"
3063,96,"High_spender"
3064,43,"Average_spender"
3065,76,"High_spender"
3066,59,"Average_spender"
3067,48,"Average_spender"
3068,22,"Low_spender"
3069,40,"Average_spender"
3070,73,"High_spender"
3071,26,"Low_spender"
3072,41,"Average_spender"
3073,98,"High_spender"
3074,63,"Average_spender"
3075,55,"Average_spender"
3076,90,"High_spender"
3077,46,"Average_spender"
3078,88,"High_spender"
3079,95,"High_spender"
3080,31,"Low_spender"
3081,42,"Average_spender"
3082,44,"Average_spender"
3083,99,"High_spender"
3084,20,"Low_spender"
3085,37,"Average_spender"
3086,50,"Average_spender"
3087,73,"High_spender"
3088,84,"High_spender"
3089,64,"Average_spender"
3090,21,"Low_spender"
3091,36,"Average_spender"
3092,81,"High_spender"
3093,54,"Average_spender"
3094,63,"Average_spender"
3095,59,"Average_spender"
3096,53,"Average_spender"
3097,63,"Average_spender"
3098,33,"Low_spender"
3099,64,"Average_spender"
3100,98,"High_spender"
3101,85,"High_spender"
3102,82,"High_spender"
3103,85,"High_spender"
3104,37,"Average_spender"
3105,56,"Average_spender"
3106,33,"Low_spender"
3107,57,"Average_spender"
3108,31,"Low_spender"
3109,69,"High_spender"
3110,92,"High_spender"
3111,46,"Average_spender"
3112,81,"High_spender"
3113,97,"High_spender"
3114,93,"High_spender"
3115,56,"Average_spender"
3116,53,"Average_spender"
3117,66,"Average_spender"
3118,50,"Average_spender"
3119,97,"High_spender"
3120,79,"High_spender"
3121,76,"High_spender"
3122,38,"Average_spender"
3123,45,"Average_spender"
3124,77,"High_spender"
3125,51,"Average_spender"
3126,26,"Low_spender"
3127,76,"High_spender"
3128,94,"High_spender"
3129,32,"Low_spender"
3130,20,"Low_spender"
3131,20,"Low_spender"
3132,59,"Average_spender"
3133,97,"High_spender"
3134,68,"High_spender"
3135,66,"Average_spender"
3136,85,"High_spender"
3137,32,"Low_spender"
3138,44,"Average_spender"
3139,95,"High_spender"
3140,85,"High_spender"
3141,44,"Average_spender"
3142,30,"Low_spender"
3143,21,"Low_spender"
3144,22,"Low_spender"
3145,70,"High_spender"
3146,29,"Low_spender"
3147,83,"High_spender"
3148,99,"High_spender"
3149,35,"Average_spender"
3150,40,"Average_spender"
3151,25,"Low_spender"
3152,64,"Average_spender"
3153,90,"High_spender"
3154,88,"High_spender"
3155,55,"Average_spender"
3156,90,"High_spender"
3157,50,"Average_spender"
3158,34,"Average_spender"
3159,77,"High_spender"
3160,89,"High_spender"
3161,87,"High_spender"
3162,77,"High_spender"
3163,85,"High_spender"
3164,66,"Average_spender"
3165,32,"Low_spender"
3166,92,"High_spender"
3167,80,"High_spender"
3168,78,"High_spender"
3169,24,"Low_spender"
3170,59,"Average_spender"
3171,41,"Average_spender"
3172,26,"Low_spender"
3173,52,"Average_spender"
3174,46,"Average_spender"
3175,52,"Average_spender"
3176,42,"Average_spender"
3177,37,"Average_spender"
3178,52,"Average_spender"
3179,34,"Average_spender"
3180,88,"High_spender"
3181,88,"High_spender"
3182,51,"Average_spender"
3183,97,"High_spender"
3184,56,"Average_spender"
3185,53,"Average_spender"
3186,71,"High_spender"
3187,93,"High_spender"
3188,72,"High_spender"
3189,59,"Average_spender"
3190,87,"High_spender"
3191,78,"High_spender"
3192,68,"High_spender"
3193,76,"High_spender"
3194,99,"High_spender"
3195,52,"Average_spender"
3196,58,"Average_spender"
3197,59,"Average_spender"
3198,71,"High_spender"
3199,94,"High_spender"
3200,40,"Average_spender"
3201,24,"Low_spender"
3202,38,"Average_spender"
3203,37,"Average_spender"
3204,29,"Low_spender"
3205,92,"High_spender"
3206,24,"Low_spender"
3207,52,"Average_spender"
3208,29,"Low_spender"
3209,30,"Low_spender"
3210,31,"Low_spender"
3211,67,"High_spender"
3212,65,"Average_spender"
3213,22,"Low_spender"
3214,56,"Average_spender"
3215,78,"High_spender"
3216,90,"High_spender"
3217,85,"High_spender"
3218,58,"Average_spender"
3219,34,"Average_spender"
3220,40,"Average_spender"
3221,29,"Low_spender"
3222,76,"High_spender"
3223,84,"High_spender"
3224,65,"Average_spender"
3225,80,"High_spender"
3226,98,"High_spender"
3227,71,"High_spender"
3228,69,"High_spender"
3229,95,"High_spender"
3230,67,"High_spender"
3231,49,"Average_spender"
3232,97,"High_spender"
3233,34,"Average_spender"
3234,74,"High_spender"
3235,96,"High_spender"
3236,68,"High_spender"
3237,84,"High_spender"
3238,57,"Average_spender"
3239,84,"High_spender"
3240,32,"Low_spender"
3241,37,"Average_spender"
3242,58,"Average_spender"
3243,74,"High_spender"
3244,99,"High_spender"
3245,81,"High_spender"
3246,76,"High_spender"
3247,98,"High_spender"
3248,91,"High_spender"
3249,79,"High_spender"
3250,83,"High_spender"
3251,90,"High_spender"
3252,20,"Low_spender"
3253,21,"Low_spender"
3254,60,"Average_spender"
3255,31,"Low_spender"
3256,40,"Average_spender"
3257,26,"Low_spender"
3258,98,"High_spender"
3259,51,"Average_spender"
3260,95,"High_spender"
3261,36,"Average_spender"
3262,52,"Average_spender"
3263,35,"Average_spender"
3264,68,"High_spender"
3265,50,"Average_spender"
3266,100,"High_spender"
3267,74,"High_spender"
3268,45,"Average_spender"
3269,97,"High_spender"
3270,60,"Average_spender"
3271,25,"Low_spender"
3272,55,"Average_spender"
3273,99,"High_spender"
3274,45,"Average_spender"
3275,20,"Low_spender"
3276,88,"High_spender"
3277,99,"High_spender"
3278,86,"High_spender"
3279,70,"High_spender"
3280,50,"Average_spender"
3281,57,"Average_spender"
3282,69,"High_spender"
3283,94,"High_spender"
3284,24,"Low_spender"
3285,79,"High_spender"
3286,31,"Low_spender"
3287,67,"High_spender"
3288,63,"Average_spender"
3289,61,"Average_spender"
3290,50,"Average_spender"
3291,82,"High_spender"
3292,51,"Average_spender"
3293,23,"Low_spender"
3294,91,"High_spender"
3295,60,"Average_spender"
3296,34,"Average_spender"
3297,23,"Low_spender"
3298,82,"High_spender"
3299,73,"High_spender"
3300,32,"Low_spender"
3301,80,"High_spender"
3302,58,"Average_spender"
3303,82,"High_spender"
3304,60,"Average_spender"
3305,79,"High_spender"
3306,41,"Average_spender"
3307,39,"Average_spender"
3308,36,"Average_spender"
3309,70,"High_spender"
3310,47,"Average_spender"
3311,27,"Low_spender"
3312,52,"Average_spender"
3313,75,"High_spender"
3314,30,"Low_spender"
3315,94,"High_spender"
3316,68,"High_spender"
3317,45,"Average_spender"
3318,67,"High_spender"
3319,46,"Average_spender"
3320,31,"Low_spender"
3321,44,"Average_spender"
3322,100,"High_spender"
3323,92,"High_spender"
3324,78,"High_spender"
3325,32,"Low_spender"
3326,97,"High_spender"
3327,95,"High_spender"
3328,64,"Average_spender"
3329,35,"Average_spender"
3330,54,"Average_spender"
3331,96,"High_spender"
3332,58,"Average_spender"
3333,23,"Low_spender"
3334,35,"Average_spender"
3335,23,"Low_spender"
3336,94,"High_spender"
3337,45,"Average_spender"
3338,23,"Low_spender"
3339,94,"High_spender"
3340,99,"High_spender"
3341,36,"Average_spender"
3342,50,"Average_spender"
3343,81,"High_spender"
3344,31,"Low_spender"
3345,48,"Average_spender"
3346,91,"High_spender"
3347,99,"High_spender"
3348,70,"High_spender"
3349,74,"High_spender"
3350,79,"High_spender"
3351,33,"Low_spender"
3352,49,"Average_spender"
3353,96,"High_spender"
3354,66,"Average_spender"
3355,45,"Average_spender"
3356,28,"Low_spender"
3357,48,"Average_spender"
3358,67,"High_spender"
3359,59,"Average_spender"
3360,74,"High_spender"
3361,81,"High_spender"
3362,26,"Low_spender"
3363,61,"Average_spender"
3364,23,"Low_spender"
3365,33,"Low_spender"
3366,58,"Average_spender"
3367,65,"Average_spender"
3368,48,"Average_spender"
3369,25,"Low_spender"
3370,51,"Average_spender"
3371,31,"Low_spender"
3372,99,"High_spender"
3373,25,"Low_spender"
3374,52,"Average_spender"
3375,47,"Average_spender"
3376,98,"High_spender"
3377,46,"Average_spender"
3378,32,"Low_spender"
3379,75,"High_spender"
3380,51,"Average_spender"
3381,52,"Average_spender"
3382,66,"Average_spender"
3383,35,"Average_spender"
3384,43,"Average_spender"
3385,24,"Low_spender"
3386,83,"High_spender"
3387,62,"Average_spender"
3388,78,"High_spender"
3389,61,"Average_spender"
3390,57,"Average_spender"
3391,70,"High_spender"
3392,57,"Average_spender"
3393,74,"High_spender"
3394,90,"High_spender"
3395,98,"High_spender"
3396,43,"Average_spender"
3397,37,"Average_spender"
3398,38,"Average_spender"
3399,60,"Average_spender"
3400,55,"Average_spender"
3401,51,"Average_spender"
3402,71,"High_spender"
3403,61,"Average_spender"
3404,65,"Average_spender"
3405,34,"Average_spender"
3406,87,"High_spender"
3407,79,"High_spender"
3408,46,"Average_spender"
3409,72,"High_spender"
3410,93,"High_spender"
3411,76,"High_spender"
3412,56,"Average_spender"
3413,83,"High_spender"
3414,90,"High_spender"
3415,94,"High_spender"
3416,68,"High_spender"
3417,53,"Average_spender"
3418,35,"Average_spender"
3419,30,"Low_spender"
3420,26,"Low_spender"
3421,60,"Average_spender"
3422,30,"Low_spender"
3423,91,"High_spender"
3424,71,"High_spender"
3425,64,"Average_spender"
3426,54,"Average_spender"
3427,35,"Average_spender"
3428,38,"Average_spender"
3429,69,"High_spender"
3430,96,"High_spender"
3431,73,"High_spender"
3432,49,"Average_spender"
3433,44,"Average_spender"
3434,93,"High_spender"
3435,72,"High_spender"
3436,91,"High_spender"
3437,83,"High_spender"
3438,62,"Average_spender"
3439,71,"High_spender"
3440,93,"High_spender"
3441,63,"Average_spender"
3442,96,"High_spender"
3443,78,"High_spender"
3444,24,"Low_spender"
3445,63,"Average_spender"
3446,58,"Average_spender"
3447,55,"Average_spender"
3448,58,"Average_spender"
3449,28,"Low_spender"
3450,37,"Average_spender"
3451,78,"High_spender"
3452,73,"High_spender"
3453,20,"Low_spender"
3454,60,"Average_spender"
3455,71,"High_spender"
3456,89,"High_spender"
3457,53,"Average_spender"
3458,87,"High_spender"
3459,37,"Average_spender"
3460,37,"Average_spender"
3461,78,"High_spender"
3462,23,"Low_spender"
3463,73,"High_spender"
3464,27,"Low_spender"
3465,59,"Average_spender"
3466,53,"Average_spender"
3467,42,"Average_spender"
3468,45,"Average_spender"
3469,89,"High_spender"
3470,85,"High_spender"
3471,69,"High_spender"
3472,66,"Average_spender"
3473,42,"Average_spender"
3474,40,"Average_spender"
3475,82,"High_spender"
3476,88,"High_spender"
3477,99,"High_spender"
3478,85,"High_spender"
3479,57,"Average_spender"
3480,56,"Average_spender"
3481,79,"High_spender"
3482,67,"High_spender"
3483,61,"Average_spender"
3484,37,"Average_spender"
3485,75,"High_spender"
3486,21,"Low_spender"
3487,89,"High_spender"
3488,24,"Low_spender"
3489,27,"Low_spender"
3490,26,"Low_spender"
3491,82,"High_spender"
3492,28,"Low_spender"
3493,65,"Average_spender"
3494,82,"High_spender"
3495,38,"Average_spender"
3496,33,"Low_spender"
3497,38,"Average_spender"
3498,48,"Average_spender"
3499,35,"Average_spender"
3500,29,"Low_spender"
3501,48,"Average_spender"
3502,87,"High_spender"
3503,62,"Average_spender"
3504,96,"High_spender"
3505,41,"Average_spender"
3506,42,"Average_spender"
3507,57,"Average_spender"
3508,65,"Average_spender"
3509,54,"Average_spender"
3510,22,"Low_spender"
3511,96,"High_spender"
3512,81,"High_spender"
3513,46,"Average_spender"
3514,74,"High_spender"
3515,50,"Average_spender"
3516,80,"High_spender"
3517,56,"Average_spender"
3518,69,"High_spender"
3519,97,"High_spender"
3520,66,"Average_spender"
3521,70,"High_spender"
3522,50,"Average_spender"
3523,85,"High_spender"
3524,59,"Average_spender"
3525,74,"High_spender"
3526,38,"Average_spender"
3527,99,"High_spender"
3528,97,"High_spender"
3529,67,"High_spender"
3530,20,"Low_spender"
3531,45,"Average_spender"
3532,52,"Average_spender"
3533,68,"High_spender"
3534,98,"High_spender"
3535,83,"High_spender"
3536,51,"Average_spender"
3537,21,"Low_spender"
3538,92,"High_spender"
3539,63,"Average_spender"
3540,56,"Average_spender"
3541,95,"High_spender"
3542,66,"Average_spender"
3543,28,"Low_spender"
3544,83,"High_spender"
3545,55,"Average_spender"
3546,28,"Low_spender"
3547,79,"High_spender"
3548,31,"Low_spender"
3549,37,"Average_spender"
3550,34,"Average_spender"
3551,74,"High_spender"
3552,31,"Low_spender"
3553,66,"Average_spender"
3554,99,"High_spender"
3555,55,"Average_spender"
3556,23,"Low_spender"
3557,88,"High_spender"
3558,26,"Low_spender"
3559,94,"High_spender"
3560,25,"Low_spender"
3561,96,"High_spender"
3562,29,"Low_spender"
3563,36,"Average_spender"
3564,90,"High_spender"
3565,38,"Average_spender"
3566,52,"Average_spender"
3567,88,"High_spender"
3568,56,"Average_spender"
3569,71,"High_spender"
3570,94,"High_spender"
3571,97,"High_spender"
3572,27,"Low_spender"
3573,28,"Low_spender"
3574,67,"High_spender"
3575,70,"High_spender"
3576,95,"High_spender"
3577,24,"Low_spender"
3578,35,"Average_spender"
3579,22,"Low_spender"
3580,66,"Average_spender"
3581,83,"High_spender"
3582,95,"High_spender"
3583,41,"Average_spender"
3584,77,"High_spender"
3585,52,"Average_spender"
3586,41,"Average_spender"
3587,28,"Low_spender"
3588,90,"High_spender"
3589,55,"Average_spender"
3590,73,"High_spender"
3591,87,"High_spender"
3592,89,"High_spender"
3593,82,"High_spender"
3594,80,"High_spender"
3595,87,"High_spender"
3596,41,"Average_spender"
3597,83,"High_spender"
3598,71,"High_spender"
3599,76,"High_spender"
3600,34,"Average_spender"
3601,81,"High_spender"
3602,47,"Average_spender"
3603,36,"Average_spender"
3604,51,"Average_spender"
3605,86,"High_spender"
3606,41,"Average_spender"
3607,90,"High_spender"
3608,93,"High_spender"
3609,56,"Average_spender"
3610,39,"Average_spender"
3611,86,"High_spender"
3612,82,"High_spender"
3613,29,"Low_spender"
3614,27,"Low_spender"
3615,25,"Low_spender"
3616,31,"Low_spender"
3617,23,"Low_spender"
3618,47,"Average_spender"
3619,67,"High_spender"
3620,75,"High_spender"
3621,82,"High_spender"
3622,32,"Low_spender"
3623,41,"Average_spender"
3624,89,"High_spender"
3625,82,"High_spender"
3626,99,"High_spender"
3627,98,"High_spender"
3628,54,"Average_spender"
3629,88,"High_spender"
3630,43,"Average_spender"
3631,73,"High_spender"
3632,50,"Average_spender"
3633,73,"High_spender"
3634,51,"Average_spender"
3635,22,"Low_spender"
3636,32,"Low_spender"
3637,38,"Average_spender"
3638,66,"Average_spender"
3639,20,"Low_spender"
3640,44,"Average_spender"
3641,31,"Low_spender"
3642,45,"Average_spender"
3643,71,"High_spender"
3644,96,"High_spender"
3645,32,"Low_spender"
3646,90,"High_spender"
3647,68,"High_spender"
3648,45,"Average_spender"
3649,67,"High_spender"
3650,57,"Average_spender"
3651,60,"Average_spender"
3652,32,"Low_spender"
3653,29,"Low_spender"
3654,20,"Low_spender"
3655,98,"High_spender"
3656,27,"Low_spender"
3657,67,"High_spender"
3658,82,"High_spender"
3659,72,"High_spender"
3660,77,"High_spender"
3661,74,"High_spender"
3662,39,"Average_spender"
3663,80,"High_spender"
3664,59,"Average_spender"
3665,68,"High_spender"
3666,77,"High_spender"
3667,50,"Average_spender"
3668,45,"Average_spender"
3669,71,"High_spender"
3670,52,"Average_spender"
3671,50,"Average_spender"
3672,66,"Average_spender"
3673,81,"High_spender"
3674,28,"Low_spender"
3675,65,"Average_spender"
3676,80,"High_spender"
3677,94,"High_spender"
3678,30,"Low_spender"
3679,45,"Average_spender"
3680,91,"High_spender"
3681,36,"Average_spender"
3682,73,"High_spender"
3683,60,"Average_spender"
3684,77,"High_spender"
3685,86,"High_spender"
3686,42,"Average_spender"
3687,70,"High_spender"
3688,44,"Average_spender"
3689,91,"High_spender"
3690,30,"Low_spender"
3691,23,"Low_spender"
3692,21,"Low_spender"
3693,34,"Average_spender"
3694,46,"Average_spender"
3695,41,"Average_spender"
3696,33,"Low_spender"
3697,48,"Average_spender"
3698,66,"Average_spender"
3699,54,"Average_spender"
3700,55,"Average_spender"
3701,84,"High_spender"
3702,66,"Average_spender"
3703,65,"Average_spender"
3704,83,"High_spender"
3705,61,"Average_spender"
3706,65,"Average_spender"
3707,55,"Average_spender"
3708,79,"High_spender"
3709,96,"High_spender"
3710,43,"Average_spender"
3711,40,"Average_spender"
3712,62,"Average_spender"
3713,72,"High_spender"
3714,87,"High_spender"
3715,31,"Low_spender"
3716,34,"Average_spender"
3717,53,"Average_spender"
3718,85,"High_spender"
3719,50,"Average_spender"
3720,91,"High_spender"
3721,56,"Average_spender"
3722,60,"Average_spender"
3723,34,"Average_spender"
3724,30,"Low_spender"
3725,71,"High_spender"
3726,100,"High_spender"
3727,85,"High_spender"
3728,83,"High_spender"
3729,31,"Low_spender"
3730,82,"High_spender"
3731,79,"High_spender"
3732,62,"Average_spender"
3733,92,"High_spender"
3734,58,"Average_spender"
3735,88,"High_spender"
3736,44,"Average_spender"
3737,56,"Average_spender"
3738,23,"Low_spender"
3739,45,"Average_spender"
3740,31,"Low_spender"
3741,96,"High_spender"
3742,96,"High_spender"
3743,80,"High_spender"
3744,28,"Low_spender"
3745,51,"Average_spender"
3746,41,"Average_spender"
3747,99,"High_spender"
3748,53,"Average_spender"
3749,25,"Low_spender"
3750,95,"High_spender"
3751,88,"High_spender"
3752,97,"High_spender"
3753,81,"High_spender"
3754,26,"Low_spender"
3755,41,"Average_spender"
3756,93,"High_spender"
3757,69,"High_spender"
3758,44,"Average_spender"
3759,54,"Average_spender"
3760,61,"Average_spender"
3761,80,"High_spender"
3762,30,"Low_spender"
3763,94,"High_spender"
3764,24,"Low_spender"
3765,21,"Low_spender"
3766,52,"Average_spender"
3767,59,"Average_spender"
3768,51,"Average_spender"
3769,35,"Average_spender"
3770,87,"High_spender"
3771,42,"Average_spender"
3772,86,"High_spender"
3773,26,"Low_spender"
3774,60,"Average_spender"
3775,83,"High_spender"
3776,63,"Average_spender"
3777,25,"Low_spender"
3778,65,"Average_spender"
3779,60,"Average_spender"
3780,75,"High_spender"
3781,57,"Average_spender"
3782,99,"High_spender"
3783,45,"Average_spender"
3784,66,"Average_spender"
3785,53,"Average_spender"
3786,94,"High_spender"
3787,47,"Average_spender"
3788,80,"High_spender"
3789,65,"Average_spender"
3790,75,"High_spender"
3791,45,"Average_spender"
3792,51,"Average_spender"
3793,58,"Average_spender"
3794,20,"Low_spender"
3795,82,"High_spender"
3796,92,"High_spender"
3797,81,"High_spender"
3798,44,"Average_spender"
3799,72,"High_spender"
3800,26,"Low_spender"
3801,26,"Low_spender"
3802,84,"High_spender"
3803,72,"High_spender"
3804,55,"Average_spender"
3805,77,"High_spender"
3806,57,"Average_spender"
3807,71,"High_spender"
3808,39,"Average_spender"
3809,28,"Low_spender"
3810,33,"Low_spender"
3811,79,"High_spender"
3812,30,"Low_spender"
3813,75,"High_spender"
3814,89,"High_spender"
3815,95,"High_spender"
3816,44,"Average_spender"
3817,86,"High_spender"
3818,91,"High_spender"
3819,41,"Average_spender"
3820,99,"High_spender"
3821,65,"Average_spender"
3822,48,"Average_spender"
3823,41,"Average_spender"
3824,42,"Average_spender"
3825,26,"Low_spender"
3826,35,"Average_spender"
3827,31,"Low_spender"
3828,73,"High_spender"
3829,82,"High_spender"
3830,32,"Low_spender"
3831,27,"Low_spender"
3832,86,"High_spender"
3833,38,"Average_spender"
3834,93,"High_spender"
3835,59,"Average_spender"
3836,58,"Average_spender"
3837,84,"High_spender"
3838,100,"High_spender"
3839,25,"Low_spender"
3840,29,"Low_spender"
3841,42,"Average_spender"
3842,57,"Average_spender"
3843,84,"High_spender"
3844,71,"High_spender"
3845,87,"High_spender"
3846,52,"Average_spender"
3847,58,"Average_spender"
3848,34,"Average_spender"
3849,60,"Average_spender"
3850,68,"High_spender"
3851,74,"High_spender"
3852,83,"High_spender"
3853,79,"High_spender"
3854,76,"High_spender"
3855,20,"Low_spender"
3856,61,"Average_spender"
3857,78,"High_spender"
3858,21,"Low_spender"
3859,77,"High_spender"
3860,88,"High_spender"
3861,64,"Average_spender"
3862,57,"Average_spender"
3863,49,"Average_spender"
3864,35,"Average_spender"
3865,99,"High_spender"
3866,42,"Average_spender"
3867,32,"Low_spender"
3868,21,"Low_spender"
3869,29,"Low_spender"
3870,64,"Average_spender"
3871,46,"Average_spender"
3872,97,"High_spender"
3873,94,"High_spender"
3874,43,"Average_spender"
3875,54,"Average_spender"
3876,51,"Average_spender"
3877,85,"High_spender"
3878,96,"High_spender"
3879,42,"Average_spender"
3880,63,"Average_spender"
3881,20,"Low_spender"
3882,25,"Low_spender"
3883,95,"High_spender"
3884,38,"Average_spender"
3885,29,"Low_spender"
3886,64,"Average_spender"
3887,92,"High_spender"
3888,34,"Average_spender"
3889,69,"High_spender"
3890,65,"Average_spender"
3891,81,"High_spender"
3892,30,"Low_spender"
3893,86,"High_spender"
3894,64,"Average_spender"
3895,78,"High_spender"
3896,28,"Low_spender"
3897,49,"Average_spender"
3898,33,"Low_spender"
3899,77,"High_spender"
3900,81,"High_spender"
